DATE,T5YIFR
2003/1/2,1.98
2003/1/3,1.96
2003/1/6,1.95
2003/1/7,1.96
2003/1/8,2.09
2003/1/9,2.15
2003/1/10,2.1
2003/1/13,2.14
2003/1/14,2.14
2003/1/15,2.19
2003/1/16,2.18
2003/1/17,2.15
2003/1/20,
2003/1/21,2.18
2003/1/22,2.1
2003/1/23,2.14
2003/1/24,2.14
2003/1/27,2.17
2003/1/28,2.15
2003/1/29,2.18
2003/1/30,2.14
2003/1/31,2.13
2003/2/3,2.1
2003/2/4,2.14
2003/2/5,2.19
2003/2/6,2.14
2003/2/7,2.18
2003/2/10,2.2
2003/2/11,2.24
2003/2/12,2.18
2003/2/13,2.2
2003/2/14,2.22
2003/2/17,
2003/2/18,2.15
2003/2/19,2.16
2003/2/20,2.19
2003/2/21,2.21
2003/2/24,2.2
2003/2/25,2.17
2003/2/26,2.14
2003/2/27,2.11
2003/2/28,2.13
2003/3/3,2.09
2003/3/4,2.04
2003/3/5,2.08
2003/3/6,2.13
2003/3/7,2.08
2003/3/10,2.08
2003/3/11,2.08
2003/3/12,2.05
2003/3/13,2.15
2003/3/14,2.09
2003/3/17,2.03
2003/3/18,2.03
2003/3/19,2.07
2003/3/20,1.95
2003/3/21,1.94
2003/3/24,1.94
2003/3/25,1.96
2003/3/26,1.97
2003/3/27,1.99
2003/3/28,1.94
2003/3/31,1.95
2003/4/1,2
2003/4/2,2
2003/4/3,1.98
2003/4/4,1.97
2003/4/7,2.03
2003/4/8,1.97
2003/4/9,2.05
2003/4/10,1.94
2003/4/11,1.92
2003/4/14,1.98
2003/4/15,1.98
2003/4/16,1.94
2003/4/17,1.94
2003/4/18,
2003/4/21,1.93
2003/4/22,1.97
2003/4/23,1.98
2003/4/24,1.96
2003/4/25,2
2003/4/28,2.04
2003/4/29,2.01
2003/4/30,2.01
2003/5/1,2.2
2003/5/2,2.16
2003/5/5,1.96
2003/5/6,1.92
2003/5/7,2.02
2003/5/8,2.06
2003/5/9,1.98
2003/5/12,1.99
2003/5/13,1.99
2003/5/14,2
2003/5/15,1.95
2003/5/16,1.93
2003/5/19,1.88
2003/5/20,1.95
2003/5/21,1.98
2003/5/22,1.96
2003/5/23,1.93
2003/5/26,
2003/5/27,1.97
2003/5/28,1.99
2003/5/29,1.93
2003/5/30,1.94
2003/6/2,1.91
2003/6/3,1.91
2003/6/4,1.89
2003/6/5,1.87
2003/6/6,1.89
2003/6/9,1.9
2003/6/10,1.87
2003/6/11,1.82
2003/6/12,1.9
2003/6/13,1.87
2003/6/16,1.83
2003/6/17,1.79
2003/6/18,1.8
2003/6/19,1.83
2003/6/20,1.87
2003/6/23,1.86
2003/6/24,1.85
2003/6/25,1.89
2003/6/26,1.93
2003/6/27,1.88
2003/6/30,1.83
2003/7/1,1.83
2003/7/2,1.77
2003/7/3,1.72
2003/7/4,
2003/7/7,1.76
2003/7/8,1.85
2003/7/9,2
2003/7/10,2.07
2003/7/11,2.14
2003/7/14,2.17
2003/7/15,2.23
2003/7/16,2.22
2003/7/17,2.29
2003/7/18,2.27
2003/7/21,2.33
2003/7/22,2.37
2003/7/23,2.35
2003/7/24,2.37
2003/7/25,2.4
2003/7/28,2.36
2003/7/29,2.38
2003/7/30,2.31
2003/7/31,2.41
2003/8/1,2.33
2003/8/4,2.3
2003/8/5,2.33
2003/8/6,2.24
2003/8/7,2.24
2003/8/8,2.26
2003/8/11,2.32
2003/8/12,2.35
2003/8/13,2.46
2003/8/14,2.45
2003/8/15,2.46
2003/8/18,2.44
2003/8/19,2.41
2003/8/20,2.44
2003/8/21,2.42
2003/8/22,2.39
2003/8/25,2.41
2003/8/26,2.41
2003/8/27,2.35
2003/8/28,2.28
2003/8/29,2.33
2003/9/1,
2003/9/2,2.36
2003/9/3,2.37
2003/9/4,2.39
2003/9/5,2.39
2003/9/8,2.4
2003/9/9,2.38
2003/9/10,2.3
2003/9/11,2.34
2003/9/12,2.3
2003/9/15,2.33
2003/9/16,2.26
2003/9/17,2.23
2003/9/18,2.23
2003/9/19,2.19
2003/9/22,2.26
2003/9/23,2.26
2003/9/24,2.2
2003/9/25,2.19
2003/9/26,2.19
2003/9/29,2.21
2003/9/30,2.16
2003/10/1,2.16
2003/10/2,2.21
2003/10/3,2.21
2003/10/6,2.25
2003/10/7,2.29
2003/10/8,2.29
2003/10/9,2.32
2003/10/10,2.33
2003/10/13,
2003/10/14,2.38
2003/10/15,2.44
2003/10/16,2.44
2003/10/17,2.47
2003/10/20,2.5
2003/10/21,2.48
2003/10/22,2.47
2003/10/23,2.61
2003/10/24,2.65
2003/10/27,2.66
2003/10/28,2.64
2003/10/29,2.63
2003/10/30,2.73
2003/10/31,2.74
2003/11/3,2.79
2003/11/4,2.74
2003/11/5,2.71
2003/11/6,2.72
2003/11/7,2.71
2003/11/10,2.71
2003/11/11,
2003/11/12,2.71
2003/11/13,2.67
2003/11/14,2.68
2003/11/17,2.7
2003/11/18,2.68
2003/11/19,2.66
2003/11/20,2.57
2003/11/21,2.52
2003/11/24,2.5
2003/11/25,2.55
2003/11/26,2.57
2003/11/27,
2003/11/28,2.6
2003/12/1,2.6
2003/12/2,2.61
2003/12/3,2.6
2003/12/4,2.61
2003/12/5,2.59
2003/12/8,2.6
2003/12/9,2.55
2003/12/10,2.57
2003/12/11,2.63
2003/12/12,2.6
2003/12/15,2.52
2003/12/16,2.48
2003/12/17,2.46
2003/12/18,2.47
2003/12/19,2.42
2003/12/22,2.42
2003/12/23,2.46
2003/12/24,2.47
2003/12/25,
2003/12/26,2.45
2003/12/29,2.48
2003/12/30,2.53
2003/12/31,2.51
2004/1/1,
2004/1/2,2.56
2004/1/5,2.61
2004/1/6,2.59
2004/1/7,2.61
2004/1/8,2.57
2004/1/9,2.51
2004/1/12,2.51
2004/1/13,2.49
2004/1/14,2.41
2004/1/15,2.38
2004/1/16,2.41
2004/1/19,
2004/1/20,2.44
2004/1/21,2.46
2004/1/22,2.44
2004/1/23,2.49
2004/1/26,2.48
2004/1/27,2.45
2004/1/28,2.47
2004/1/29,2.47
2004/1/30,2.46
2004/2/2,2.46
2004/2/3,2.45
2004/2/4,2.46
2004/2/5,2.48
2004/2/6,2.49
2004/2/9,2.5
2004/2/10,2.51
2004/2/11,2.45
2004/2/12,2.49
2004/2/13,2.46
2004/2/16,
2004/2/17,2.42
2004/2/18,2.41
2004/2/19,2.38
2004/2/20,2.38
2004/2/23,2.35
2004/2/24,2.37
2004/2/25,2.38
2004/2/26,2.43
2004/2/27,2.38
2004/3/1,2.5
2004/3/2,2.52
2004/3/3,2.54
2004/3/4,2.53
2004/3/5,2.5
2004/3/8,2.45
2004/3/9,2.46
2004/3/10,2.4
2004/3/11,2.33
2004/3/12,2.38
2004/3/15,2.42
2004/3/16,2.4
2004/3/17,2.43
2004/3/18,2.46
2004/3/19,2.45
2004/3/22,2.4
2004/3/23,2.4
2004/3/24,2.43
2004/3/25,2.44
2004/3/26,2.46
2004/3/29,2.51
2004/3/30,2.49
2004/3/31,2.47
2004/4/1,2.52
2004/4/2,2.54
2004/4/5,2.58
2004/4/6,2.55
2004/4/7,2.46
2004/4/8,2.48
2004/4/9,
2004/4/12,2.53
2004/4/13,2.55
2004/4/14,2.55
2004/4/15,2.56
2004/4/16,2.56
2004/4/19,2.58
2004/4/20,2.54
2004/4/21,2.53
2004/4/22,2.48
2004/4/23,2.43
2004/4/26,2.49
2004/4/27,2.48
2004/4/28,2.46
2004/4/29,2.46
2004/4/30,2.5
2004/5/3,2.53
2004/5/4,2.52
2004/5/5,2.6
2004/5/6,2.58
2004/5/7,2.64
2004/5/10,2.7
2004/5/11,2.71
2004/5/12,2.78
2004/5/13,2.76
2004/5/14,2.75
2004/5/17,2.76
2004/5/18,2.84
2004/5/19,2.91
2004/5/20,2.91
2004/5/21,2.87
2004/5/24,2.85
2004/5/25,2.8
2004/5/26,2.78
2004/5/27,2.71
2004/5/28,2.77
2004/5/31,
2004/6/1,2.84
2004/6/2,2.78
2004/6/3,2.74
2004/6/4,2.74
2004/6/7,2.76
2004/6/8,2.73
2004/6/9,2.7
2004/6/10,2.71
2004/6/11,
2004/6/14,2.71
2004/6/15,2.54
2004/6/16,2.59
2004/6/17,2.59
2004/6/18,2.6
2004/6/21,2.57
2004/6/22,2.59
2004/6/23,2.58
2004/6/24,2.57
2004/6/25,2.58
2004/6/28,2.61
2004/6/29,2.58
2004/6/30,2.61
2004/7/1,2.62
2004/7/2,2.63
2004/7/5,
2004/7/6,2.62
2004/7/7,2.56
2004/7/8,2.51
2004/7/9,2.53
2004/7/12,2.5
2004/7/13,2.54
2004/7/14,2.55
2004/7/15,2.56
2004/7/16,2.51
2004/7/19,2.48
2004/7/20,2.48
2004/7/21,2.53
2004/7/22,2.53
2004/7/23,2.52
2004/7/26,2.52
2004/7/27,2.56
2004/7/28,2.6
2004/7/29,2.63
2004/7/30,2.57
2004/8/2,2.54
2004/8/3,2.51
2004/8/4,2.51
2004/8/5,2.53
2004/8/6,2.5
2004/8/9,2.49
2004/8/10,2.49
2004/8/11,2.5
2004/8/12,2.52
2004/8/13,2.49
2004/8/16,2.49
2004/8/17,2.45
2004/8/18,2.48
2004/8/19,2.53
2004/8/20,2.54
2004/8/23,2.51
2004/8/24,2.52
2004/8/25,2.47
2004/8/26,2.44
2004/8/27,2.45
2004/8/30,2.44
2004/8/31,2.43
2004/9/1,2.44
2004/9/2,2.42
2004/9/3,2.48
2004/9/6,
2004/9/7,2.46
2004/9/8,2.42
2004/9/9,2.48
2004/9/10,2.46
2004/9/13,2.43
2004/9/14,2.44
2004/9/15,2.41
2004/9/16,2.37
2004/9/17,2.4
2004/9/20,2.35
2004/9/21,2.36
2004/9/22,2.37
2004/9/23,2.33
2004/9/24,2.32
2004/9/27,2.33
2004/9/28,2.36
2004/9/29,2.38
2004/9/30,2.41
2004/10/1,2.41
2004/10/4,2.35
2004/10/5,2.35
2004/10/6,2.33
2004/10/7,2.39
2004/10/8,2.42
2004/10/11,
2004/10/12,2.43
2004/10/13,2.42
2004/10/14,2.38
2004/10/15,2.4
2004/10/18,2.4
2004/10/19,2.41
2004/10/20,2.36
2004/10/21,2.34
2004/10/22,2.29
2004/10/25,2.3
2004/10/26,2.31
2004/10/27,2.29
2004/10/28,2.33
2004/10/29,2.35
2004/11/1,2.36
2004/11/2,2.42
2004/11/3,2.39
2004/11/4,2.37
2004/11/5,2.4
2004/11/8,2.41
2004/11/9,2.39
2004/11/10,2.41
2004/11/11,
2004/11/12,2.39
2004/11/15,2.44
2004/11/16,2.42
2004/11/17,2.41
2004/11/18,2.36
2004/11/19,2.42
2004/11/22,2.45
2004/11/23,2.43
2004/11/24,2.44
2004/11/25,
2004/11/26,2.46
2004/11/29,2.46
2004/11/30,2.46
2004/12/1,2.45
2004/12/2,2.42
2004/12/3,2.4
2004/12/6,2.42
2004/12/7,2.42
2004/12/8,2.38
2004/12/9,2.46
2004/12/10,2.41
2004/12/13,2.4
2004/12/14,2.4
2004/12/15,2.39
2004/12/16,2.42
2004/12/17,2.45
2004/12/20,2.48
2004/12/21,2.47
2004/12/22,2.48
2004/12/23,2.52
2004/12/24,
2004/12/27,2.55
2004/12/28,2.53
2004/12/29,2.5
2004/12/30,2.47
2004/12/31,2.48
2005/1/3,2.44
2005/1/4,2.4
2005/1/5,2.4
2005/1/6,2.47
2005/1/7,2.41
2005/1/10,2.42
2005/1/11,2.4
2005/1/12,2.44
2005/1/13,2.4
2005/1/14,2.44
2005/1/17,
2005/1/18,2.43
2005/1/19,2.44
2005/1/20,2.42
2005/1/21,2.43
2005/1/24,2.4
2005/1/25,2.37
2005/1/26,2.4
2005/1/27,2.41
2005/1/28,2.44
2005/1/31,2.4
2005/2/1,2.4
2005/2/2,2.35
2005/2/3,2.34
2005/2/4,2.31
2005/2/7,2.34
2005/2/8,2.35
2005/2/9,2.39
2005/2/10,2.34
2005/2/11,2.36
2005/2/14,2.36
2005/2/15,2.33
2005/2/16,2.34
2005/2/17,2.38
2005/2/18,2.42
2005/2/21,
2005/2/22,2.43
2005/2/23,2.45
2005/2/24,2.47
2005/2/25,2.46
2005/2/28,2.5
2005/3/1,2.53
2005/3/2,2.52
2005/3/3,2.53
2005/3/4,2.49
2005/3/7,2.5
2005/3/8,2.53
2005/3/9,2.57
2005/3/10,2.56
2005/3/11,2.6
2005/3/14,2.54
2005/3/15,2.56
2005/3/16,2.57
2005/3/17,2.57
2005/3/18,2.56
2005/3/21,2.56
2005/3/22,2.58
2005/3/23,2.52
2005/3/24,2.55
2005/3/25,
2005/3/28,2.55
2005/3/29,2.53
2005/3/30,2.5
2005/3/31,2.55
2005/4/1,2.53
2005/4/4,2.51
2005/4/5,2.51
2005/4/6,2.49
2005/4/7,2.51
2005/4/8,2.52
2005/4/11,2.48
2005/4/12,2.54
2005/4/13,2.56
2005/4/14,2.57
2005/4/15,2.5
2005/4/18,2.51
2005/4/19,2.46
2005/4/20,2.49
2005/4/21,2.52
2005/4/22,2.49
2005/4/25,2.47
2005/4/26,2.45
2005/4/27,2.45
2005/4/28,2.48
2005/4/29,2.47
2005/5/2,2.5
2005/5/3,2.48
2005/5/4,2.48
2005/5/5,2.5
2005/5/6,2.5
2005/5/9,2.49
2005/5/10,2.47
2005/5/11,2.47
2005/5/12,2.44
2005/5/13,2.39
2005/5/16,2.41
2005/5/17,2.42
2005/5/18,2.35
2005/5/19,2.34
2005/5/20,2.37
2005/5/23,2.34
2005/5/24,2.36
2005/5/25,2.34
2005/5/26,2.31
2005/5/27,2.32
2005/5/30,
2005/5/31,2.27
2005/6/1,2.3
2005/6/2,2.26
2005/6/3,2.32
2005/6/6,2.29
2005/6/7,2.25
2005/6/8,2.25
2005/6/9,2.29
2005/6/10,2.25
2005/6/13,2.28
2005/6/14,2.29
2005/6/15,2.28
2005/6/16,2.29
2005/6/17,2.31
2005/6/20,2.32
2005/6/21,2.28
2005/6/22,2.22
2005/6/23,2.22
2005/6/24,2.22
2005/6/27,2.21
2005/6/28,2.24
2005/6/29,2.25
2005/6/30,2.23
2005/7/1,2.28
2005/7/4,
2005/7/5,2.27
2005/7/6,2.26
2005/7/7,2.23
2005/7/8,2.23
2005/7/11,2.24
2005/7/12,2.27
2005/7/13,2.25
2005/7/14,2.23
2005/7/15,2.23
2005/7/18,2.26
2005/7/19,2.31
2005/7/20,2.27
2005/7/21,2.34
2005/7/22,2.36
2005/7/25,2.32
2005/7/26,2.34
2005/7/27,2.39
2005/7/28,2.37
2005/7/29,2.4
2005/8/1,2.37
2005/8/2,2.33
2005/8/3,2.36
2005/8/4,2.38
2005/8/5,2.39
2005/8/8,2.37
2005/8/9,2.39
2005/8/10,2.39
2005/8/11,2.32
2005/8/12,2.28
2005/8/15,2.29
2005/8/16,2.3
2005/8/17,2.32
2005/8/18,2.3
2005/8/19,2.3
2005/8/22,2.31
2005/8/23,2.28
2005/8/24,2.3
2005/8/25,2.32
2005/8/26,2.34
2005/8/29,2.37
2005/8/30,2.39
2005/8/31,2.3
2005/9/1,2.35
2005/9/2,2.35
2005/9/5,
2005/9/6,2.39
2005/9/7,2.42
2005/9/8,2.38
2005/9/9,2.38
2005/9/12,2.37
2005/9/13,2.35
2005/9/14,2.38
2005/9/15,2.4
2005/9/16,2.41
2005/9/19,2.43
2005/9/20,2.41
2005/9/21,2.37
2005/9/22,2.41
2005/9/23,2.38
2005/9/26,2.41
2005/9/27,2.4
2005/9/28,2.39
2005/9/29,2.39
2005/9/30,2.4
2005/10/3,2.39
2005/10/4,2.34
2005/10/5,2.34
2005/10/6,2.33
2005/10/7,2.31
2005/10/10,
2005/10/11,2.34
2005/10/12,2.37
2005/10/13,2.45
2005/10/14,2.37
2005/10/17,2.44
2005/10/18,2.46
2005/10/19,2.44
2005/10/20,2.43
2005/10/21,2.4
2005/10/24,2.43
2005/10/25,2.38
2005/10/26,2.46
2005/10/27,2.5
2005/10/28,2.5
2005/10/31,2.5
2005/11/1,2.53
2005/11/2,2.55
2005/11/3,2.6
2005/11/4,2.54
2005/11/7,2.6
2005/11/8,2.53
2005/11/9,2.56
2005/11/10,2.49
2005/11/11,
2005/11/14,2.5
2005/11/15,2.45
2005/11/16,2.44
2005/11/17,2.45
2005/11/18,2.44
2005/11/21,2.36
2005/11/22,2.39
2005/11/23,2.37
2005/11/24,
2005/11/25,2.36
2005/11/28,2.36
2005/11/29,2.37
2005/11/30,2.39
2005/12/1,2.37
2005/12/2,2.36
2005/12/5,2.39
2005/12/6,2.38
2005/12/7,2.37
2005/12/8,2.38
2005/12/9,2.41
2005/12/12,2.44
2005/12/13,2.42
2005/12/14,2.38
2005/12/15,2.38
2005/12/16,2.4
2005/12/19,2.4
2005/12/20,2.4
2005/12/21,2.41
2005/12/22,2.38
2005/12/23,2.36
2005/12/26,
2005/12/27,2.33
2005/12/28,2.33
2005/12/29,2.34
2005/12/30,2.36
2006/1/2,
2006/1/3,2.38
2006/1/4,2.39
2006/1/5,2.36
2006/1/6,2.33
2006/1/9,2.31
2006/1/10,2.36
2006/1/11,2.39
2006/1/12,2.41
2006/1/13,2.4
2006/1/16,
2006/1/17,2.38
2006/1/18,2.34
2006/1/19,2.41
2006/1/20,2.39
2006/1/23,2.38
2006/1/24,2.41
2006/1/25,2.49
2006/1/26,2.57
2006/1/27,2.48
2006/1/30,2.48
2006/1/31,2.48
2006/2/1,2.53
2006/2/2,2.51
2006/2/3,2.51
2006/2/6,2.52
2006/2/7,2.53
2006/2/8,2.44
2006/2/9,2.43
2006/2/10,2.43
2006/2/13,2.45
2006/2/14,2.44
2006/2/15,2.44
2006/2/16,2.42
2006/2/17,2.42
2006/2/20,
2006/2/21,2.44
2006/2/22,2.4
2006/2/23,2.4
2006/2/24,2.42
2006/2/27,2.4
2006/2/28,2.38
2006/3/1,2.43
2006/3/2,2.44
2006/3/3,2.46
2006/3/6,2.47
2006/3/7,2.45
2006/3/8,2.4
2006/3/9,2.42
2006/3/10,2.44
2006/3/13,2.45
2006/3/14,2.47
2006/3/15,2.48
2006/3/16,2.44
2006/3/17,2.42
2006/3/20,2.42
2006/3/21,2.39
2006/3/22,2.38
2006/3/23,2.4
2006/3/24,2.39
2006/3/27,2.39
2006/3/28,2.41
2006/3/29,2.43
2006/3/30,2.44
2006/3/31,2.44
2006/4/3,2.45
2006/4/4,2.43
2006/4/5,2.44
2006/4/6,2.45
2006/4/7,2.5
2006/4/10,2.52
2006/4/11,2.49
2006/4/12,2.48
2006/4/13,2.48
2006/4/14,
2006/4/17,2.48
2006/4/18,2.53
2006/4/19,2.57
2006/4/20,2.52
2006/4/21,2.51
2006/4/24,2.51
2006/4/25,2.6
2006/4/26,2.59
2006/4/27,2.66
2006/4/28,2.69
2006/5/1,2.72
2006/5/2,2.67
2006/5/3,2.65
2006/5/4,2.65
2006/5/5,2.64
2006/5/8,2.65
2006/5/9,2.68
2006/5/10,2.67
2006/5/11,2.64
2006/5/12,2.66
2006/5/15,2.65
2006/5/16,2.63
2006/5/17,2.67
2006/5/18,2.65
2006/5/19,2.59
2006/5/22,2.59
2006/5/23,2.58
2006/5/24,2.58
2006/5/25,2.58
2006/5/26,2.59
2006/5/29,
2006/5/30,2.61
2006/5/31,2.6
2006/6/1,2.61
2006/6/2,2.6
2006/6/5,2.58
2006/6/6,2.52
2006/6/7,2.49
2006/6/8,2.48
2006/6/9,2.46
2006/6/12,2.5
2006/6/13,2.5
2006/6/14,2.49
2006/6/15,2.52
2006/6/16,2.55
2006/6/19,2.51
2006/6/20,2.53
2006/6/21,2.53
2006/6/22,2.56
2006/6/23,2.55
2006/6/26,2.55
2006/6/27,2.55
2006/6/28,2.55
2006/6/29,2.62
2006/6/30,2.59
2006/7/3,2.56
2006/7/4,
2006/7/5,2.58
2006/7/6,2.57
2006/7/7,2.55
2006/7/10,2.53
2006/7/11,2.55
2006/7/12,2.53
2006/7/13,2.56
2006/7/14,2.56
2006/7/17,2.57
2006/7/18,2.58
2006/7/19,2.57
2006/7/20,2.58
2006/7/21,2.55
2006/7/24,2.57
2006/7/25,2.61
2006/7/26,2.62
2006/7/27,2.63
2006/7/28,2.64
2006/7/31,2.62
2006/8/1,2.63
2006/8/2,2.62
2006/8/3,2.63
2006/8/4,2.63
2006/8/7,2.67
2006/8/8,2.7
2006/8/9,2.63
2006/8/10,2.64
2006/8/11,2.64
2006/8/14,2.64
2006/8/15,2.61
2006/8/16,2.62
2006/8/17,2.63
2006/8/18,2.61
2006/8/21,2.63
2006/8/22,2.64
2006/8/23,2.62
2006/8/24,2.57
2006/8/25,2.6
2006/8/28,2.58
2006/8/29,2.53
2006/8/30,2.55
2006/8/31,2.56
2006/9/1,2.56
2006/9/4,
2006/9/5,2.55
2006/9/6,2.55
2006/9/7,2.56
2006/9/8,2.54
2006/9/11,2.53
2006/9/12,2.54
2006/9/13,2.53
2006/9/14,2.53
2006/9/15,2.53
2006/9/18,2.53
2006/9/19,2.51
2006/9/20,2.46
2006/9/21,2.48
2006/9/22,2.46
2006/9/25,2.45
2006/9/26,2.45
2006/9/27,2.44
2006/9/28,2.48
2006/9/29,2.49
2006/10/2,2.45
2006/10/3,2.45
2006/10/4,2.43
2006/10/5,2.43
2006/10/6,2.48
2006/10/9,
2006/10/10,2.46
2006/10/11,2.45
2006/10/12,2.5
2006/10/13,2.48
2006/10/16,2.48
2006/10/17,2.47
2006/10/18,2.46
2006/10/19,2.46
2006/10/20,2.45
2006/10/23,2.45
2006/10/24,2.44
2006/10/25,2.48
2006/10/26,2.47
2006/10/27,2.46
2006/10/30,2.45
2006/10/31,2.44
2006/11/1,2.45
2006/11/2,2.45
2006/11/3,2.46
2006/11/6,2.49
2006/11/7,2.49
2006/11/8,2.5
2006/11/9,2.49
2006/11/10,2.48
2006/11/13,2.46
2006/11/14,2.42
2006/11/15,2.45
2006/11/16,2.42
2006/11/17,2.44
2006/11/20,2.41
2006/11/21,2.39
2006/11/22,2.39
2006/11/23,
2006/11/24,2.39
2006/11/27,2.39
2006/11/28,2.38
2006/11/29,2.37
2006/11/30,2.36
2006/12/1,2.39
2006/12/4,2.38
2006/12/5,2.41
2006/12/6,2.41
2006/12/7,2.41
2006/12/8,2.42
2006/12/11,2.41
2006/12/12,2.41
2006/12/13,2.44
2006/12/14,2.42
2006/12/15,2.37
2006/12/18,2.36
2006/12/19,2.35
2006/12/20,2.34
2006/12/21,2.33
2006/12/22,2.35
2006/12/25,
2006/12/26,2.33
2006/12/27,2.34
2006/12/28,2.35
2006/12/29,2.34
2007/1/1,
2007/1/2,2.33
2007/1/3,2.35
2007/1/4,2.3
2007/1/5,2.3
2007/1/8,2.32
2007/1/9,2.32
2007/1/10,2.32
2007/1/11,2.39
2007/1/12,2.33
2007/1/15,
2007/1/16,2.32
2007/1/17,2.34
2007/1/18,2.33
2007/1/19,2.37
2007/1/22,2.35
2007/1/23,2.39
2007/1/24,2.4
2007/1/25,2.45
2007/1/26,2.44
2007/1/29,2.43
2007/1/30,2.45
2007/1/31,2.44
2007/2/1,2.43
2007/2/2,2.4
2007/2/5,2.4
2007/2/6,2.36
2007/2/7,2.32
2007/2/8,2.32
2007/2/9,2.35
2007/2/12,2.34
2007/2/13,2.36
2007/2/14,2.38
2007/2/15,2.34
2007/2/16,2.34
2007/2/19,
2007/2/20,2.32
2007/2/21,2.38
2007/2/22,2.37
2007/2/23,2.35
2007/2/26,2.33
2007/2/27,2.33
2007/2/28,2.32
2007/3/1,2.35
2007/3/2,2.34
2007/3/5,2.29
2007/3/6,2.28
2007/3/7,2.28
2007/3/8,2.29
2007/3/9,2.26
2007/3/12,2.28
2007/3/13,2.3
2007/3/14,2.29
2007/3/15,2.32
2007/3/16,2.34
2007/3/19,2.34
2007/3/20,2.33
2007/3/21,2.34
2007/3/22,2.39
2007/3/23,2.37
2007/3/26,2.4
2007/3/27,2.41
2007/3/28,2.38
2007/3/29,2.39
2007/3/30,2.37
2007/4/2,2.38
2007/4/3,2.37
2007/4/4,2.37
2007/4/5,2.41
2007/4/6,2.43
2007/4/9,2.44
2007/4/10,2.41
2007/4/11,2.4
2007/4/12,2.4
2007/4/13,2.4
2007/4/16,2.39
2007/4/17,2.36
2007/4/18,2.39
2007/4/19,2.38
2007/4/20,2.38
2007/4/23,2.36
2007/4/24,2.42
2007/4/25,2.43
2007/4/26,2.4
2007/4/27,2.45
2007/4/30,2.41
2007/5/1,2.43
2007/5/2,2.39
2007/5/3,2.41
2007/5/4,2.4
2007/5/7,2.37
2007/5/8,2.34
2007/5/9,2.38
2007/5/10,2.35
2007/5/11,2.36
2007/5/14,2.33
2007/5/15,2.33
2007/5/16,2.32
2007/5/17,2.34
2007/5/18,2.33
2007/5/21,2.37
2007/5/22,2.36
2007/5/23,2.37
2007/5/24,2.4
2007/5/25,2.37
2007/5/28,
2007/5/29,2.36
2007/5/30,2.39
2007/5/31,2.39
2007/6/1,2.42
2007/6/4,2.4
2007/6/5,2.41
2007/6/6,2.41
2007/6/7,2.44
2007/6/8,2.48
2007/6/11,2.46
2007/6/12,2.47
2007/6/13,2.51
2007/6/14,2.5
2007/6/15,2.44
2007/6/18,2.45
2007/6/19,2.46
2007/6/20,2.45
2007/6/21,2.47
2007/6/22,2.49
2007/6/25,2.47
2007/6/26,2.45
2007/6/27,2.45
2007/6/28,2.42
2007/6/29,2.43
2007/7/2,2.44
2007/7/3,2.4
2007/7/4,
2007/7/5,2.44
2007/7/6,2.42
2007/7/9,2.43
2007/7/10,2.42
2007/7/11,2.41
2007/7/12,2.42
2007/7/13,2.42
2007/7/16,2.43
2007/7/17,2.43
2007/7/18,2.46
2007/7/19,2.47
2007/7/20,2.44
2007/7/23,2.44
2007/7/24,2.48
2007/7/25,2.47
2007/7/26,2.46
2007/7/27,2.49
2007/7/30,2.49
2007/7/31,2.51
2007/8/1,2.47
2007/8/2,2.47
2007/8/3,2.43
2007/8/6,2.44
2007/8/7,2.43
2007/8/8,2.41
2007/8/9,2.42
2007/8/10,2.43
2007/8/13,2.45
2007/8/14,2.41
2007/8/15,2.42
2007/8/16,2.43
2007/8/17,2.43
2007/8/20,2.41
2007/8/21,2.45
2007/8/22,2.41
2007/8/23,2.43
2007/8/24,2.43
2007/8/27,2.41
2007/8/28,2.44
2007/8/29,2.39
2007/8/30,2.43
2007/8/31,2.43
2007/9/3,
2007/9/4,2.43
2007/9/5,2.41
2007/9/6,2.41
2007/9/7,2.42
2007/9/10,2.42
2007/9/11,2.41
2007/9/12,2.42
2007/9/13,2.43
2007/9/14,2.47
2007/9/17,2.46
2007/9/18,2.52
2007/9/19,2.52
2007/9/20,2.57
2007/9/21,2.53
2007/9/24,2.5
2007/9/25,2.51
2007/9/26,2.5
2007/9/27,2.51
2007/9/28,2.53
2007/10/1,2.47
2007/10/2,2.5
2007/10/3,2.47
2007/10/4,2.47
2007/10/5,2.48
2007/10/8,
2007/10/9,2.48
2007/10/10,2.46
2007/10/11,2.49
2007/10/12,2.48
2007/10/15,2.48
2007/10/16,2.47
2007/10/17,2.49
2007/10/18,2.43
2007/10/19,2.45
2007/10/22,2.42
2007/10/23,2.43
2007/10/24,2.42
2007/10/25,2.44
2007/10/26,2.48
2007/10/29,2.45
2007/10/30,2.43
2007/10/31,2.42
2007/11/1,2.44
2007/11/2,2.47
2007/11/5,2.47
2007/11/6,2.5
2007/11/7,2.48
2007/11/8,2.46
2007/11/9,2.45
2007/11/12,
2007/11/13,2.42
2007/11/14,2.44
2007/11/15,2.4
2007/11/16,2.39
2007/11/19,2.43
2007/11/20,2.44
2007/11/21,2.47
2007/11/22,
2007/11/23,2.48
2007/11/26,2.49
2007/11/27,2.47
2007/11/28,2.39
2007/11/29,2.4
2007/11/30,2.44
2007/12/3,2.44
2007/12/4,2.43
2007/12/5,2.39
2007/12/6,2.36
2007/12/7,2.38
2007/12/10,2.38
2007/12/11,2.4
2007/12/12,2.39
2007/12/13,2.43
2007/12/14,2.44
2007/12/17,2.43
2007/12/18,2.42
2007/12/19,2.41
2007/12/20,2.37
2007/12/21,2.42
2007/12/24,2.42
2007/12/25,
2007/12/26,2.41
2007/12/27,2.39
2007/12/28,2.37
2007/12/31,2.35
2008/1/1,
2008/1/2,2.36
2008/1/3,2.38
2008/1/4,2.39
2008/1/7,2.36
2008/1/8,2.37
2008/1/9,2.36
2008/1/10,2.34
2008/1/11,2.37
2008/1/14,2.37
2008/1/15,2.38
2008/1/16,2.37
2008/1/17,2.4
2008/1/18,2.44
2008/1/21,
2008/1/22,2.51
2008/1/23,2.48
2008/1/24,2.49
2008/1/25,2.49
2008/1/28,2.51
2008/1/29,2.54
2008/1/30,2.54
2008/1/31,2.53
2008/2/1,2.53
2008/2/4,2.56
2008/2/5,2.56
2008/2/6,2.54
2008/2/7,2.55
2008/2/8,2.54
2008/2/11,2.55
2008/2/12,2.54
2008/2/13,2.53
2008/2/14,2.53
2008/2/15,2.48
2008/2/18,
2008/2/19,2.51
2008/2/20,2.51
2008/2/21,2.51
2008/2/22,2.53
2008/2/25,2.49
2008/2/26,2.56
2008/2/27,2.54
2008/2/28,2.56
2008/2/29,2.56
2008/3/3,2.63
2008/3/4,2.63
2008/3/5,2.72
2008/3/6,2.73
2008/3/7,2.73
2008/3/10,2.76
2008/3/11,2.69
2008/3/12,2.71
2008/3/13,2.64
2008/3/14,2.61
2008/3/17,2.48
2008/3/18,2.59
2008/3/19,2.54
2008/3/20,2.5
2008/3/21,
2008/3/24,2.47
2008/3/25,2.39
2008/3/26,2.41
2008/3/27,2.45
2008/3/28,2.47
2008/3/31,2.49
2008/4/1,2.49
2008/4/2,2.47
2008/4/3,2.45
2008/4/4,2.46
2008/4/7,2.45
2008/4/8,2.45
2008/4/9,2.43
2008/4/10,2.39
2008/4/11,2.43
2008/4/14,2.43
2008/4/15,2.44
2008/4/16,2.4
2008/4/17,2.4
2008/4/18,2.4
2008/4/21,2.37
2008/4/22,2.38
2008/4/23,2.41
2008/4/24,2.36
2008/4/25,2.31
2008/4/28,2.3
2008/4/29,2.29
2008/4/30,2.28
2008/5/1,2.25
2008/5/2,2.4
2008/5/5,2.41
2008/5/6,2.45
2008/5/7,2.43
2008/5/8,2.42
2008/5/9,2.44
2008/5/12,2.44
2008/5/13,2.46
2008/5/14,2.5
2008/5/15,2.51
2008/5/16,2.51
2008/5/19,2.54
2008/5/20,2.52
2008/5/21,2.55
2008/5/22,2.55
2008/5/23,2.56
2008/5/26,
2008/5/27,2.54
2008/5/28,2.51
2008/5/29,2.52
2008/5/30,2.56
2008/6/2,2.54
2008/6/3,2.46
2008/6/4,2.46
2008/6/5,2.49
2008/6/6,2.49
2008/6/9,2.48
2008/6/10,2.5
2008/6/11,2.45
2008/6/12,2.46
2008/6/13,2.44
2008/6/16,2.4
2008/6/17,2.41
2008/6/18,2.39
2008/6/19,2.39
2008/6/20,2.35
2008/6/23,2.32
2008/6/24,2.35
2008/6/25,2.37
2008/6/26,2.4
2008/6/27,2.4
2008/6/30,2.39
2008/7/1,2.38
2008/7/2,2.42
2008/7/3,2.42
2008/7/4,
2008/7/7,2.41
2008/7/8,2.4
2008/7/9,2.38
2008/7/10,2.29
2008/7/11,2.36
2008/7/14,2.36
2008/7/15,2.39
2008/7/16,2.42
2008/7/17,2.4
2008/7/18,2.42
2008/7/21,2.39
2008/7/22,2.44
2008/7/23,2.43
2008/7/24,2.4
2008/7/25,2.44
2008/7/28,2.47
2008/7/29,2.48
2008/7/30,2.5
2008/7/31,2.52
2008/8/1,2.51
2008/8/4,2.54
2008/8/5,2.5
2008/8/6,2.46
2008/8/7,2.39
2008/8/8,2.4
2008/8/11,2.37
2008/8/12,2.39
2008/8/13,2.37
2008/8/14,2.42
2008/8/15,2.41
2008/8/18,2.38
2008/8/19,2.38
2008/8/20,2.44
2008/8/21,2.44
2008/8/22,2.42
2008/8/25,2.42
2008/8/26,2.42
2008/8/27,2.46
2008/8/28,2.4
2008/8/29,2.41
2008/9/1,
2008/9/2,2.38
2008/9/3,2.34
2008/9/4,2.29
2008/9/5,2.3
2008/9/8,2.34
2008/9/9,2.34
2008/9/10,2.38
2008/9/11,2.43
2008/9/12,2.4
2008/9/15,2.31
2008/9/16,2.23
2008/9/17,2.16
2008/9/18,2.18
2008/9/19,2.49
2008/9/22,2.52
2008/9/23,2.47
2008/9/24,2.41
2008/9/25,2.4
2008/9/26,2.35
2008/9/29,2.22
2008/9/30,2.23
2008/10/1,2.07
2008/10/2,2.05
2008/10/3,1.94
2008/10/6,1.79
2008/10/7,1.74
2008/10/8,1.63
2008/10/9,1.63
2008/10/10,1.65
2008/10/13,
2008/10/14,1.83
2008/10/15,1.91
2008/10/16,1.99
2008/10/17,2.19
2008/10/20,2.22
2008/10/21,2.4
2008/10/22,2.38
2008/10/23,2.33
2008/10/24,2.3
2008/10/27,2.64
2008/10/28,2.74
2008/10/29,2.75
2008/10/30,2.72
2008/10/31,2.73
2008/11/3,2.72
2008/11/4,2.78
2008/11/5,2.88
2008/11/6,2.94
2008/11/7,2.98
2008/11/10,3.01
2008/11/11,
2008/11/12,3.05
2008/11/13,2.89
2008/11/14,2.84
2008/11/17,2.82
2008/11/18,2.55
2008/11/19,2.37
2008/11/20,1.9
2008/11/21,2.08
2008/11/24,2.48
2008/11/25,2.76
2008/11/26,2.92
2008/11/27,
2008/11/28,2.97
2008/12/1,1
2008/12/2,0.92
2008/12/3,1.03
2008/12/4,1.1
2008/12/5,1
2008/12/8,0.88
2008/12/9,0.85
2008/12/10,0.86
2008/12/11,0.93
2008/12/12,0.72
2008/12/15,0.79
2008/12/16,0.62
2008/12/17,0.59
2008/12/18,0.57
2008/12/19,0.61
2008/12/22,0.67
2008/12/23,0.57
2008/12/24,0.53
2008/12/25,
2008/12/26,0.54
2008/12/29,0.43
2008/12/30,0.43
2008/12/31,0.48
2009/1/1,
2009/1/2,0.59
2009/1/5,0.49
2009/1/6,0.98
2009/1/7,1.03
2009/1/8,1.08
2009/1/9,1.21
2009/1/12,1.28
2009/1/13,1.21
2009/1/14,1.03
2009/1/15,1
2009/1/16,1.1
2009/1/19,
2009/1/20,1.13
2009/1/21,1.12
2009/1/22,1.21
2009/1/23,1.35
2009/1/26,1.46
2009/1/27,1.49
2009/1/28,1.55
2009/1/29,1.79
2009/1/30,1.91
2009/2/2,1.81
2009/2/3,1.83
2009/2/4,1.83
2009/2/5,1.71
2009/2/6,1.76
2009/2/9,1.89
2009/2/10,1.74
2009/2/11,1.58
2009/2/12,1.77
2009/2/13,1.75
2009/2/16,
2009/2/17,1.77
2009/2/18,1.72
2009/2/19,1.62
2009/2/20,1.65
2009/2/23,1.56
2009/2/24,1.43
2009/2/25,1.34
2009/2/26,1.33
2009/2/27,1.34
2009/3/2,1.3
2009/3/3,1.4
2009/3/4,1.37
2009/3/5,1.28
2009/3/6,1.25
2009/3/9,1.28
2009/3/10,1.3
2009/3/11,1.45
2009/3/12,1.51
2009/3/13,1.54
2009/3/16,1.62
2009/3/17,1.65
2009/3/18,1.86
2009/3/19,1.94
2009/3/20,1.81
2009/3/23,1.92
2009/3/24,1.91
2009/3/25,1.92
2009/3/26,1.97
2009/3/27,1.9
2009/3/30,1.9
2009/3/31,1.83
2009/4/1,1.9
2009/4/2,1.92
2009/4/3,1.96
2009/4/6,1.98
2009/4/7,1.84
2009/4/8,1.8
2009/4/9,1.86
2009/4/10,
2009/4/13,1.89
2009/4/14,1.81
2009/4/15,1.85
2009/4/16,1.81
2009/4/17,1.83
2009/4/20,1.83
2009/4/21,1.88
2009/4/22,2.02
2009/4/23,2.25
2009/4/24,2.28
2009/4/27,2.2
2009/4/28,2.21
2009/4/29,2.19
2009/4/30,2.12
2009/5/1,2.03
2009/5/4,2
2009/5/5,2
2009/5/6,1.95
2009/5/7,2.05
2009/5/8,2
2009/5/11,1.94
2009/5/12,1.97
2009/5/13,1.92
2009/5/14,1.88
2009/5/15,1.96
2009/5/18,2.09
2009/5/19,2.11
2009/5/20,2.17
2009/5/21,2.23
2009/5/22,2.27
2009/5/25,
2009/5/26,2.31
2009/5/27,2.39
2009/5/28,2.27
2009/5/29,2.24
2009/6/1,2.29
2009/6/2,2.33
2009/6/3,2.26
2009/6/4,2.23
2009/6/5,2.21
2009/6/8,2.23
2009/6/9,2.21
2009/6/10,2.29
2009/6/11,2.2
2009/6/12,2.13
2009/6/15,2.12
2009/6/16,2.05
2009/6/17,2.03
2009/6/18,2.23
2009/6/19,2.22
2009/6/22,2.22
2009/6/23,2.19
2009/6/24,2.24
2009/6/25,2.13
2009/6/26,2.13
2009/6/29,2.15
2009/6/30,2.16
2009/7/1,2.09
2009/7/2,2.01
2009/7/3,
2009/7/6,1.76
2009/7/7,1.98
2009/7/8,1.96
2009/7/9,2.04
2009/7/10,1.98
2009/7/13,2.02
2009/7/14,2.13
2009/7/15,2.25
2009/7/16,2.26
2009/7/17,2.35
2009/7/20,2.36
2009/7/21,2.25
2009/7/22,2.32
2009/7/23,2.41
2009/7/24,2.39
2009/7/27,2.38
2009/7/28,2.34
2009/7/29,2.31
2009/7/30,2.4
2009/7/31,2.3
2009/8/3,2.38
2009/8/4,2.36
2009/8/5,2.46
2009/8/6,2.45
2009/8/7,2.54
2009/8/10,2.52
2009/8/11,2.46
2009/8/12,2.42
2009/8/13,2.34
2009/8/14,2.27
2009/8/17,2.3
2009/8/18,2.3
2009/8/19,2.3
2009/8/20,2.34
2009/8/21,2.38
2009/8/24,2.33
2009/8/25,2.25
2009/8/26,2.24
2009/8/27,2.23
2009/8/28,2.22
2009/8/31,2.16
2009/9/1,2.17
2009/9/2,2.09
2009/9/3,2.13
2009/9/4,2.26
2009/9/7,
2009/9/8,2.3
2009/9/9,2.28
2009/9/10,2.22
2009/9/11,2.14
2009/9/14,2.13
2009/9/15,2.21
2009/9/16,2.2
2009/9/17,2.14
2009/9/18,2.17
2009/9/21,2.21
2009/9/22,2.2
2009/9/23,2.22
2009/9/24,2.16
2009/9/25,2.12
2009/9/28,2.13
2009/9/29,2.1
2009/9/30,2.13
2009/10/1,2.09
2009/10/2,2.07
2009/10/5,2.14
2009/10/6,2.11
2009/10/7,2.17
2009/10/8,2.17
2009/10/9,2.22
2009/10/12,
2009/10/13,2.29
2009/10/14,2.37
2009/10/15,2.42
2009/10/16,2.39
2009/10/19,2.43
2009/10/20,2.39
2009/10/21,2.43
2009/10/22,2.39
2009/10/23,2.44
2009/10/26,2.4
2009/10/27,2.39
2009/10/28,2.35
2009/10/29,2.42
2009/10/30,2.39
2009/11/2,2.45
2009/11/3,2.47
2009/11/4,2.54
2009/11/5,2.61
2009/11/6,2.64
2009/11/9,2.65
2009/11/10,2.6
2009/11/11,
2009/11/12,2.51
2009/11/13,2.51
2009/11/16,2.51
2009/11/17,2.52
2009/11/18,2.5
2009/11/19,2.5
2009/11/20,2.5
2009/11/23,2.52
2009/11/24,2.41
2009/11/25,2.43
2009/11/26,
2009/11/27,2.38
2009/11/30,2.41
2009/12/1,2.48
2009/12/2,2.46
2009/12/3,2.48
2009/12/4,2.47
2009/12/7,2.45
2009/12/8,2.43
2009/12/9,2.47
2009/12/10,2.45
2009/12/11,2.49
2009/12/14,2.54
2009/12/15,2.56
2009/12/16,2.61
2009/12/17,2.56
2009/12/18,2.56
2009/12/21,2.62
2009/12/22,2.65
2009/12/23,2.6
2009/12/24,2.59
2009/12/25,
2009/12/28,2.62
2009/12/29,2.62
2009/12/30,2.61
2009/12/31,2.61
2010/1/1,
2010/1/4,2.63
2010/1/5,2.56
2010/1/6,2.58
2010/1/7,2.63
2010/1/8,2.66
2010/1/11,2.64
2010/1/12,2.63
2010/1/13,2.61
2010/1/14,2.6
2010/1/15,2.62
2010/1/18,
2010/1/19,2.67
2010/1/20,2.65
2010/1/21,2.68
2010/1/22,2.67
2010/1/25,2.69
2010/1/26,2.71
2010/1/27,2.66
2010/1/28,2.72
2010/1/29,2.75
2010/2/1,2.79
2010/2/2,2.8
2010/2/3,2.81
2010/2/4,2.71
2010/2/5,2.65
2010/2/8,2.63
2010/2/9,2.66
2010/2/10,2.59
2010/2/11,2.56
2010/2/12,2.5
2010/2/15,
2010/2/16,2.53
2010/2/17,2.55
2010/2/18,2.6
2010/2/19,2.55
2010/2/22,2.58
2010/2/23,2.48
2010/2/24,2.48
2010/2/25,2.43
2010/2/26,2.43
2010/3/1,2.47
2010/3/2,2.49
2010/3/3,2.5
2010/3/4,2.5
2010/3/5,2.53
2010/3/8,2.59
2010/3/9,2.58
2010/3/10,2.57
2010/3/11,2.59
2010/3/12,2.59
2010/3/15,2.57
2010/3/16,2.56
2010/3/17,2.54
2010/3/18,2.54
2010/3/19,2.54
2010/3/22,2.56
2010/3/23,2.6
2010/3/24,2.59
2010/3/25,2.65
2010/3/26,2.62
2010/3/29,2.59
2010/3/30,2.61
2010/3/31,2.65
2010/4/1,2.71
2010/4/2,2.68
2010/4/5,2.7
2010/4/6,2.57
2010/4/7,2.64
2010/4/8,2.71
2010/4/9,2.71
2010/4/12,2.75
2010/4/13,2.75
2010/4/14,2.73
2010/4/15,2.78
2010/4/16,2.76
2010/4/19,2.77
2010/4/20,2.74
2010/4/21,2.75
2010/4/22,2.73
2010/4/23,2.75
2010/4/26,2.74
2010/4/27,2.68
2010/4/28,2.8
2010/4/29,2.84
2010/4/30,2.79
2010/5/3,2.8
2010/5/4,2.7
2010/5/5,2.67
2010/5/6,2.53
2010/5/7,2.55
2010/5/10,2.63
2010/5/11,2.64
2010/5/12,2.64
2010/5/13,2.65
2010/5/14,2.53
2010/5/17,2.51
2010/5/18,2.49
2010/5/19,2.38
2010/5/20,2.2
2010/5/21,2.13
2010/5/24,2.14
2010/5/25,2.13
2010/5/26,2.2
2010/5/27,2.3
2010/5/28,2.29
2010/5/31,
2010/6/1,2.26
2010/6/2,2.27
2010/6/3,2.33
2010/6/4,2.22
2010/6/7,2.2
2010/6/8,2.16
2010/6/9,2.21
2010/6/10,2.28
2010/6/11,2.25
2010/6/14,2.25
2010/6/15,2.32
2010/6/16,2.31
2010/6/17,2.3
2010/6/18,2.29
2010/6/21,2.33
2010/6/22,2.28
2010/6/23,2.24
2010/6/24,2.22
2010/6/25,2.21
2010/6/28,2.19
2010/6/29,2.12
2010/6/30,2.1
2010/7/1,2.02
2010/7/2,1.98
2010/7/5,
2010/7/6,1.97
2010/7/7,2
2010/7/8,2.15
2010/7/9,2.15
2010/7/12,2.16
2010/7/13,2.23
2010/7/14,2.2
2010/7/15,2.15
2010/7/16,2.06
2010/7/19,2.06
2010/7/20,2.08
2010/7/21,2.08
2010/7/22,2.13
2010/7/23,2.17
2010/7/26,2.18
2010/7/27,2.2
2010/7/28,2.16
2010/7/29,2.19
2010/7/30,2.17
2010/8/2,2.22
2010/8/3,2.23
2010/8/4,2.22
2010/8/5,2.24
2010/8/6,2.18
2010/8/9,2.16
2010/8/10,2.2
2010/8/11,2.11
2010/8/12,2.03
2010/8/13,2.02
2010/8/16,1.97
2010/8/17,1.98
2010/8/18,1.96
2010/8/19,1.9
2010/8/20,1.9
2010/8/23,1.89
2010/8/24,1.79
2010/8/25,1.85
2010/8/26,1.86
2010/8/27,1.95
2010/8/30,1.87
2010/8/31,1.85
2010/9/1,1.91
2010/9/2,1.96
2010/9/3,1.99
2010/9/6,
2010/9/7,2.02
2010/9/8,2.05
2010/9/9,2.15
2010/9/10,2.24
2010/9/13,2.26
2010/9/14,2.22
2010/9/15,2.25
2010/9/16,2.25
2010/9/17,2.25
2010/9/20,2.32
2010/9/21,2.37
2010/9/22,2.32
2010/9/23,2.29
2010/9/24,2.31
2010/9/27,2.21
2010/9/28,2.27
2010/9/29,2.26
2010/9/30,2.26
2010/10/1,2.25
2010/10/4,2.23
2010/10/5,2.3
2010/10/6,2.33
2010/10/7,2.35
2010/10/8,2.44
2010/10/11,
2010/10/12,2.42
2010/10/13,2.47
2010/10/14,2.55
2010/10/15,2.6
2010/10/18,2.57
2010/10/19,2.61
2010/10/20,2.6
2010/10/21,2.62
2010/10/22,2.62
2010/10/25,2.66
2010/10/26,2.67
2010/10/27,2.67
2010/10/28,2.72
2010/10/29,2.78
2010/11/1,2.83
2010/11/2,2.79
2010/11/3,2.83
2010/11/4,2.66
2010/11/5,2.63
2010/11/8,2.66
2010/11/9,2.7
2010/11/10,2.58
2010/11/11,
2010/11/12,2.53
2010/11/15,2.53
2010/11/16,2.47
2010/11/17,2.57
2010/11/18,2.57
2010/11/19,2.63
2010/11/22,2.62
2010/11/23,2.62
2010/11/24,2.67
2010/11/25,
2010/11/26,2.64
2010/11/29,2.64
2010/11/30,2.6
2010/12/1,2.68
2010/12/2,2.7
2010/12/3,2.72
2010/12/6,2.72
2010/12/7,2.79
2010/12/8,2.7
2010/12/9,2.63
2010/12/10,2.67
2010/12/13,2.7
2010/12/14,2.75
2010/12/15,2.85
2010/12/16,2.86
2010/12/17,2.81
2010/12/20,2.83
2010/12/21,2.81
2010/12/22,2.85
2010/12/23,2.83
2010/12/24,
2010/12/27,2.77
2010/12/28,2.82
2010/12/29,2.77
2010/12/30,2.78
2010/12/31,2.77
2011/1/3,2.8
2011/1/4,2.84
2011/1/5,2.9
2011/1/6,2.86
2011/1/7,2.81
2011/1/10,2.81
2011/1/11,2.8
2011/1/12,2.84
2011/1/13,2.79
2011/1/14,2.77
2011/1/17,
2011/1/18,2.85
2011/1/19,2.82
2011/1/20,2.6
2011/1/21,2.56
2011/1/24,2.57
2011/1/25,2.54
2011/1/26,2.62
2011/1/27,2.62
2011/1/28,2.61
2011/1/31,2.72
2011/2/1,2.73
2011/2/2,2.71
2011/2/3,2.7
2011/2/4,2.77
2011/2/7,2.74
2011/2/8,2.77
2011/2/9,2.68
2011/2/10,2.7
2011/2/11,2.68
2011/2/14,2.7
2011/2/15,2.65
2011/2/16,2.56
2011/2/17,2.57
2011/2/18,2.64
2011/2/21,
2011/2/22,2.59
2011/2/23,2.58
2011/2/24,2.62
2011/2/25,2.63
2011/2/28,2.63
2011/3/1,2.65
2011/3/2,2.65
2011/3/3,2.71
2011/3/4,2.74
2011/3/7,2.76
2011/3/8,2.79
2011/3/9,2.75
2011/3/10,2.7
2011/3/11,2.71
2011/3/14,2.71
2011/3/15,2.64
2011/3/16,2.65
2011/3/17,2.68
2011/3/18,2.68
2011/3/21,2.68
2011/3/22,2.59
2011/3/23,2.6
2011/3/24,2.72
2011/3/25,2.69
2011/3/28,2.74
2011/3/29,2.74
2011/3/30,2.75
2011/3/31,2.75
2011/4/1,2.79
2011/4/4,2.79
2011/4/5,2.8
2011/4/6,2.8
2011/4/7,2.85
2011/4/8,2.9
2011/4/11,2.88
2011/4/12,2.92
2011/4/13,2.92
2011/4/14,2.99
2011/4/15,2.99
2011/4/18,3.01
2011/4/19,3.02
2011/4/20,2.95
2011/4/21,2.89
2011/4/22,
2011/4/25,2.9
2011/4/26,2.84
2011/4/27,2.79
2011/4/28,2.71
2011/4/29,2.69
2011/5/2,2.68
2011/5/3,2.68
2011/5/4,2.69
2011/5/5,2.68
2011/5/6,2.71
2011/5/9,2.67
2011/5/10,2.67
2011/5/11,2.66
2011/5/12,2.66
2011/5/13,2.63
2011/5/16,2.56
2011/5/17,2.52
2011/5/18,2.58
2011/5/19,2.42
2011/5/20,2.53
2011/5/23,2.55
2011/5/24,2.59
2011/5/25,2.58
2011/5/26,2.56
2011/5/27,2.53
2011/5/30,
2011/5/31,2.5
2011/6/1,2.45
2011/6/2,2.5
2011/6/3,2.45
2011/6/6,2.47
2011/6/7,2.46
2011/6/8,2.43
2011/6/9,2.39
2011/6/10,2.41
2011/6/13,2.41
2011/6/14,2.52
2011/6/15,2.49
2011/6/16,2.45
2011/6/17,2.48
2011/6/20,2.47
2011/6/21,2.51
2011/6/22,2.48
2011/6/23,2.63
2011/6/24,2.69
2011/6/27,2.76
2011/6/28,2.76
2011/6/29,2.8
2011/6/30,2.83
2011/7/1,2.85
2011/7/4,
2011/7/5,2.75
2011/7/6,2.73
2011/7/7,2.74
2011/7/8,2.67
2011/7/11,2.61
2011/7/12,2.63
2011/7/13,2.67
2011/7/14,2.62
2011/7/15,2.68
2011/7/18,2.72
2011/7/19,2.72
2011/7/20,2.67
2011/7/21,2.66
2011/7/22,2.73
2011/7/25,2.84
2011/7/26,2.83
2011/7/27,2.8
2011/7/28,2.81
2011/7/29,2.81
2011/8/1,2.81
2011/8/2,2.75
2011/8/3,2.69
2011/8/4,2.67
2011/8/5,2.7
2011/8/8,2.66
2011/8/9,2.65
2011/8/10,2.65
2011/8/11,2.7
2011/8/12,2.68
2011/8/15,2.66
2011/8/16,2.62
2011/8/17,2.59
2011/8/18,2.36
2011/8/19,2.4
2011/8/22,2.41
2011/8/23,2.38
2011/8/24,2.43
2011/8/25,2.52
2011/8/26,2.44
2011/8/29,2.45
2011/8/30,2.43
2011/8/31,2.38
2011/9/1,2.44
2011/9/2,2.32
2011/9/5,
2011/9/6,2.23
2011/9/7,2.25
2011/9/8,2.27
2011/9/9,2.27
2011/9/12,2.25
2011/9/13,2.25
2011/9/14,2.24
2011/9/15,2.19
2011/9/16,2.21
2011/9/19,2.15
2011/9/20,2.15
2011/9/21,2.06
2011/9/22,1.93
2011/9/23,2
2011/9/26,2.1
2011/9/27,2.19
2011/9/28,2.17
2011/9/29,2.1
2011/9/30,2
2011/10/3,1.98
2011/10/4,2.03
2011/10/5,2.1
2011/10/6,2.18
2011/10/7,2.25
2011/10/10,
2011/10/11,2.25
2011/10/12,2.29
2011/10/13,2.23
2011/10/14,2.3
2011/10/17,2.22
2011/10/18,2.22
2011/10/19,2.19
2011/10/20,2.24
2011/10/21,2.26
2011/10/24,2.28
2011/10/25,2.28
2011/10/26,2.33
2011/10/27,2.42
2011/10/28,2.37
2011/10/31,2.3
2011/11/1,2.28
2011/11/2,2.29
2011/11/3,2.27
2011/11/4,2.31
2011/11/7,2.34
2011/11/8,2.37
2011/11/9,2.21
2011/11/10,2.28
2011/11/11,
2011/11/14,2.26
2011/11/15,2.28
2011/11/16,2.24
2011/11/17,2.21
2011/11/18,2.28
2011/11/21,2.21
2011/11/22,2.18
2011/11/23,2.19
2011/11/24,
2011/11/25,2.2
2011/11/28,2.24
2011/11/29,2.28
2011/11/30,2.34
2011/12/1,2.34
2011/12/2,2.34
2011/12/5,2.33
2011/12/6,2.31
2011/12/7,2.35
2011/12/8,2.31
2011/12/9,2.4
2011/12/12,2.44
2011/12/13,2.37
2011/12/14,2.32
2011/12/15,2.25
2011/12/16,2.24
2011/12/19,2.24
2011/12/20,2.36
2011/12/21,2.4
2011/12/22,2.44
2011/12/23,2.46
2011/12/26,
2011/12/27,2.43
2011/12/28,2.37
2011/12/29,2.31
2011/12/30,2.33
2012/1/2,
2012/1/3,2.36
2012/1/4,2.45
2012/1/5,2.5
2012/1/6,2.47
2012/1/9,2.49
2012/1/10,2.46
2012/1/11,2.39
2012/1/12,2.39
2012/1/13,2.37
2012/1/16,
2012/1/17,2.38
2012/1/18,2.41
2012/1/19,2.27
2012/1/20,2.32
2012/1/23,2.37
2012/1/24,2.37
2012/1/25,2.43
2012/1/26,2.38
2012/1/27,2.34
2012/1/30,2.35
2012/1/31,2.34
2012/2/1,2.41
2012/2/2,2.43
2012/2/3,2.48
2012/2/6,2.47
2012/2/7,2.47
2012/2/8,2.53
2012/2/9,2.51
2012/2/10,2.52
2012/2/13,2.45
2012/2/14,2.46
2012/2/15,2.48
2012/2/16,2.53
2012/2/17,2.55
2012/2/20,
2012/2/21,2.56
2012/2/22,2.57
2012/2/23,2.54
2012/2/24,2.51
2012/2/27,2.46
2012/2/28,2.51
2012/2/29,2.53
2012/3/1,2.53
2012/3/2,2.51
2012/3/5,2.46
2012/3/6,2.42
2012/3/7,2.42
2012/3/8,2.47
2012/3/9,2.49
2012/3/12,2.5
2012/3/13,2.55
2012/3/14,2.57
2012/3/15,2.61
2012/3/16,2.68
2012/3/19,2.71
2012/3/20,2.69
2012/3/21,2.67
2012/3/22,2.68
2012/3/23,2.68
2012/3/26,2.66
2012/3/27,2.65
2012/3/28,2.61
2012/3/29,2.63
2012/3/30,2.62
2012/4/2,2.68
2012/4/3,2.68
2012/4/4,2.64
2012/4/5,2.59
2012/4/6,2.61
2012/4/9,2.62
2012/4/10,2.63
2012/4/11,2.65
2012/4/12,2.69
2012/4/13,2.63
2012/4/16,2.63
2012/4/17,2.67
2012/4/18,2.65
2012/4/19,2.47
2012/4/20,2.5
2012/4/23,2.49
2012/4/24,2.49
2012/4/25,2.48
2012/4/26,2.5
2012/4/27,2.46
2012/4/30,2.44
2012/5/1,2.46
2012/5/2,2.44
2012/5/3,2.45
2012/5/4,2.49
2012/5/7,2.44
2012/5/8,2.37
2012/5/9,2.34
2012/5/10,2.32
2012/5/11,2.33
2012/5/14,2.31
2012/5/15,2.32
2012/5/16,2.29
2012/5/17,2.23
2012/5/18,2.35
2012/5/21,2.46
2012/5/22,2.47
2012/5/23,2.48
2012/5/24,2.49
2012/5/25,2.48
2012/5/28,
2012/5/29,2.46
2012/5/30,2.45
2012/5/31,2.46
2012/6/1,2.47
2012/6/4,2.49
2012/6/5,2.55
2012/6/6,2.59
2012/6/7,2.53
2012/6/8,2.51
2012/6/11,2.47
2012/6/12,2.49
2012/6/13,2.44
2012/6/14,2.43
2012/6/15,2.42
2012/6/18,2.41
2012/6/19,2.47
2012/6/20,2.44
2012/6/21,2.43
2012/6/22,2.48
2012/6/25,2.5
2012/6/26,2.52
2012/6/27,2.52
2012/6/28,2.52
2012/6/29,2.54
2012/7/2,2.51
2012/7/3,2.49
2012/7/4,
2012/7/5,2.46
2012/7/6,2.44
2012/7/9,2.43
2012/7/10,2.45
2012/7/11,2.43
2012/7/12,2.4
2012/7/13,2.44
2012/7/16,2.44
2012/7/17,2.46
2012/7/18,2.45
2012/7/19,2.5
2012/7/20,2.55
2012/7/23,2.55
2012/7/24,2.54
2012/7/25,2.52
2012/7/26,2.51
2012/7/27,2.59
2012/7/30,2.56
2012/7/31,2.57
2012/8/1,2.61
2012/8/2,2.57
2012/8/3,2.65
2012/8/6,2.65
2012/8/7,2.67
2012/8/8,2.66
2012/8/9,2.62
2012/8/10,2.6
2012/8/13,2.56
2012/8/14,2.61
2012/8/15,2.61
2012/8/16,2.6
2012/8/17,2.62
2012/8/20,2.66
2012/8/21,2.64
2012/8/22,2.64
2012/8/23,2.64
2012/8/24,2.62
2012/8/27,2.61
2012/8/28,2.66
2012/8/29,2.65
2012/8/30,2.6
2012/8/31,2.55
2012/9/3,
2012/9/4,2.57
2012/9/5,2.6
2012/9/6,2.61
2012/9/7,2.67
2012/9/10,2.64
2012/9/11,2.65
2012/9/12,2.64
2012/9/13,2.71
2012/9/14,2.89
2012/9/17,2.87
2012/9/18,2.87
2012/9/19,2.89
2012/9/20,2.79
2012/9/21,2.78
2012/9/24,2.79
2012/9/25,2.73
2012/9/26,2.73
2012/9/27,2.77
2012/9/28,2.73
2012/10/1,2.73
2012/10/2,2.82
2012/10/3,2.76
2012/10/4,2.87
2012/10/5,2.86
2012/10/8,
2012/10/9,2.83
2012/10/10,2.81
2012/10/11,2.75
2012/10/12,2.79
2012/10/15,2.77
2012/10/16,2.74
2012/10/17,2.74
2012/10/18,2.82
2012/10/19,2.81
2012/10/22,2.88
2012/10/23,2.85
2012/10/24,2.85
2012/10/25,2.85
2012/10/26,2.86
2012/10/29,2.85
2012/10/30,
2012/10/31,2.88
2012/11/1,2.91
2012/11/2,2.84
2012/11/5,2.87
2012/11/6,2.88
2012/11/7,2.88
2012/11/8,2.87
2012/11/9,2.83
2012/11/12,
2012/11/13,2.82
2012/11/14,2.78
2012/11/15,2.76
2012/11/16,2.77
2012/11/19,2.75
2012/11/20,2.75
2012/11/21,2.75
2012/11/22,
2012/11/23,2.78
2012/11/26,2.74
2012/11/27,2.74
2012/11/28,2.77
2012/11/29,2.8
2012/11/30,2.81
2012/12/3,2.84
2012/12/4,2.86
2012/12/5,2.84
2012/12/6,2.86
2012/12/7,2.9
2012/12/10,2.95
2012/12/11,2.93
2012/12/12,2.9
2012/12/13,2.82
2012/12/14,2.81
2012/12/17,2.85
2012/12/18,2.88
2012/12/19,2.83
2012/12/20,2.84
2012/12/21,2.86
2012/12/24,2.83
2012/12/25,
2012/12/26,2.85
2012/12/27,2.83
2012/12/28,2.86
2012/12/31,2.81
2013/1/1,
2013/1/2,2.84
2013/1/3,2.81
2013/1/4,2.83
2013/1/7,2.88
2013/1/8,2.83
2013/1/9,2.86
2013/1/10,2.86
2013/1/11,2.86
2013/1/14,2.98
2013/1/15,2.84
2013/1/16,2.8
2013/1/17,2.87
2013/1/18,2.86
2013/1/21,
2013/1/22,2.93
2013/1/23,2.83
2013/1/24,2.78
2013/1/25,2.87
2013/1/28,2.86
2013/1/29,2.85
2013/1/30,2.88
2013/1/31,2.85
2013/2/1,2.84
2013/2/4,2.86
2013/2/5,2.86
2013/2/6,2.84
2013/2/7,2.85
2013/2/8,2.91
2013/2/11,2.88
2013/2/12,2.98
2013/2/13,2.92
2013/2/14,2.9
2013/2/15,2.89
2013/2/18,
2013/2/19,2.9
2013/2/20,2.89
2013/2/21,2.87
2013/2/22,2.88
2013/2/25,2.81
2013/2/26,2.82
2013/2/27,2.86
2013/2/28,2.88
2013/3/1,2.86
2013/3/4,2.84
2013/3/5,2.84
2013/3/6,2.85
2013/3/7,2.9
2013/3/8,2.94
2013/3/11,2.86
2013/3/12,2.83
2013/3/13,2.83
2013/3/14,2.83
2013/3/15,2.82
2013/3/18,2.86
2013/3/19,2.81
2013/3/20,2.81
2013/3/21,2.82
2013/3/22,2.83
2013/3/25,2.82
2013/3/26,2.85
2013/3/27,2.8
2013/3/28,2.78
2013/3/29,
2013/4/1,2.79
2013/4/2,2.8
2013/4/3,2.78
2013/4/4,2.83
2013/4/5,2.82
2013/4/8,2.76
2013/4/9,2.84
2013/4/10,2.78
2013/4/11,2.82
2013/4/12,2.75
2013/4/15,2.8
2013/4/16,2.78
2013/4/17,2.76
2013/4/18,2.54
2013/4/19,2.6
2013/4/22,2.66
2013/4/23,2.72
2013/4/24,2.69
2013/4/25,2.68
2013/4/26,2.65
2013/4/29,2.64
2013/4/30,2.62
2013/5/1,2.62
2013/5/2,2.57
2013/5/3,2.59
2013/5/6,2.57
2013/5/7,2.59
2013/5/8,2.55
2013/5/9,2.6
2013/5/10,2.65
2013/5/13,2.64
2013/5/14,2.63
2013/5/15,2.59
2013/5/16,2.57
2013/5/17,2.54
2013/5/20,2.56
2013/5/21,2.57
2013/5/22,2.57
2013/5/23,2.59
2013/5/24,2.61
2013/5/27,
2013/5/28,2.62
2013/5/29,2.55
2013/5/30,2.53
2013/5/31,2.55
2013/6/3,2.51
2013/6/4,2.46
2013/6/5,2.44
2013/6/6,2.39
2013/6/7,2.39
2013/6/10,2.37
2013/6/11,2.31
2013/6/12,2.27
2013/6/13,2.28
2013/6/14,2.28
2013/6/17,2.28
2013/6/18,2.28
2013/6/19,2.25
2013/6/20,2.16
2013/6/21,2.2
2013/6/24,2.24
2013/6/25,2.27
2013/6/26,2.23
2013/6/27,2.25
2013/6/28,2.22
2013/7/1,2.24
2013/7/2,2.26
2013/7/3,2.25
2013/7/4,
2013/7/5,2.27
2013/7/8,2.27
2013/7/9,2.26
2013/7/10,2.25
2013/7/11,2.26
2013/7/12,2.28
2013/7/15,2.34
2013/7/16,2.39
2013/7/17,2.38
2013/7/18,2.47
2013/7/19,2.51
2013/7/22,2.53
2013/7/23,2.5
2013/7/24,2.47
2013/7/25,2.51
2013/7/26,2.47
2013/7/29,2.51
2013/7/30,2.52
2013/7/31,2.57
2013/8/1,2.58
2013/8/2,2.51
2013/8/5,2.58
2013/8/6,2.62
2013/8/7,2.59
2013/8/8,2.58
2013/8/9,2.57
2013/8/12,2.57
2013/8/13,2.54
2013/8/14,2.56
2013/8/15,2.51
2013/8/16,2.53
2013/8/19,2.5
2013/8/20,2.52
2013/8/21,2.51
2013/8/22,2.45
2013/8/23,2.44
2013/8/26,2.48
2013/8/27,2.44
2013/8/28,2.45
2013/8/29,2.4
2013/8/30,2.42
2013/9/2,
2013/9/3,2.44
2013/9/4,2.4
2013/9/5,2.41
2013/9/6,2.43
2013/9/9,2.43
2013/9/10,2.46
2013/9/11,2.5
2013/9/12,2.47
2013/9/13,2.45
2013/9/16,2.48
2013/9/17,2.53
2013/9/18,2.56
2013/9/19,2.59
2013/9/20,2.61
2013/9/23,2.68
2013/9/24,2.61
2013/9/25,2.57
2013/9/26,2.61
2013/9/27,2.6
2013/9/30,2.64
2013/10/1,2.63
2013/10/2,2.6
2013/10/3,2.61
2013/10/4,2.61
2013/10/7,2.61
2013/10/8,2.6
2013/10/9,2.64
2013/10/10,2.61
2013/10/11,2.61
2013/10/14,
2013/10/15,2.63
2013/10/16,2.59
2013/10/17,2.55
2013/10/18,2.58
2013/10/21,2.59
2013/10/22,2.58
2013/10/23,2.54
2013/10/24,2.57
2013/10/25,2.61
2013/10/28,2.59
2013/10/29,2.6
2013/10/30,2.59
2013/10/31,2.6
2013/11/1,2.6
2013/11/4,2.55
2013/11/5,2.56
2013/11/6,2.61
2013/11/7,2.58
2013/11/8,2.59
2013/11/11,
2013/11/12,2.57
2013/11/13,2.55
2013/11/14,2.56
2013/11/15,2.56
2013/11/18,2.58
2013/11/19,2.59
2013/11/20,2.57
2013/11/21,2.62
2013/11/22,2.62
2013/11/25,2.61
2013/11/26,2.63
2013/11/27,2.61
2013/11/28,
2013/11/29,2.61
2013/12/2,2.6
2013/12/3,2.61
2013/12/4,2.58
2013/12/5,2.58
2013/12/6,2.57
2013/12/9,2.61
2013/12/10,2.6
2013/12/11,2.65
2013/12/12,2.63
2013/12/13,2.66
2013/12/16,2.68
2013/12/17,2.67
2013/12/18,2.67
2013/12/19,2.55
2013/12/20,2.68
2013/12/23,2.69
2013/12/24,2.7
2013/12/25,
2013/12/26,2.7
2013/12/27,2.76
2013/12/30,2.82
2013/12/31,2.79
2014/1/1,
2014/1/2,2.81
2014/1/3,2.83
2014/1/6,2.77
2014/1/7,2.69
2014/1/8,2.82
2014/1/9,2.79
2014/1/10,2.83
2014/1/13,2.83
2014/1/14,2.76
2014/1/15,2.84
2014/1/16,2.76
2014/1/17,2.8
2014/1/20,
2014/1/21,2.81
2014/1/22,2.71
2014/1/23,2.54
2014/1/24,2.6
2014/1/27,2.56
2014/1/28,2.59
2014/1/29,2.56
2014/1/30,2.54
2014/1/31,2.56
2014/2/3,2.58
2014/2/4,2.49
2014/2/5,2.5
2014/2/6,2.5
2014/2/7,2.59
2014/2/10,2.59
2014/2/11,2.58
2014/2/12,2.59
2014/2/13,2.57
2014/2/14,2.65
2014/2/17,
2014/2/18,2.49
2014/2/19,2.48
2014/2/20,2.48
2014/2/21,2.5
2014/2/24,2.54
2014/2/25,2.52
2014/2/26,2.56
2014/2/27,2.51
2014/2/28,2.55
2014/3/3,2.54
2014/3/4,2.57
2014/3/5,2.56
2014/3/6,2.58
2014/3/7,2.63
2014/3/10,2.56
2014/3/11,2.54
2014/3/12,2.56
2014/3/13,2.59
2014/3/14,2.6
2014/3/17,2.56
2014/3/18,2.59
2014/3/19,2.59
2014/3/20,2.51
2014/3/21,2.49
2014/3/24,2.51
2014/3/25,2.58
2014/3/26,2.53
2014/3/27,2.53
2014/3/28,2.54
2014/3/31,2.56
2014/4/1,2.57
2014/4/2,2.56
2014/4/3,2.6
2014/4/4,2.55
2014/4/7,2.63
2014/4/8,2.51
2014/4/9,2.58
2014/4/10,2.59
2014/4/11,2.62
2014/4/14,2.55
2014/4/15,2.6
2014/4/16,2.61
2014/4/17,2.47
2014/4/18,
2014/4/21,2.43
2014/4/22,2.44
2014/4/23,2.44
2014/4/24,2.43
2014/4/25,2.44
2014/4/28,2.41
2014/4/29,2.41
2014/4/30,2.4
2014/5/1,2.44
2014/5/2,2.43
2014/5/5,2.44
2014/5/6,2.41
2014/5/7,2.48
2014/5/8,2.45
2014/5/9,2.44
2014/5/12,2.45
2014/5/13,2.43
2014/5/14,2.42
2014/5/15,2.42
2014/5/16,2.42
2014/5/19,2.41
2014/5/20,2.42
2014/5/21,2.41
2014/5/22,2.45
2014/5/23,2.47
2014/5/26,
2014/5/27,2.47
2014/5/28,2.5
2014/5/29,2.5
2014/5/30,2.51
2014/6/2,2.51
2014/6/3,2.46
2014/6/4,2.44
2014/6/5,2.44
2014/6/6,2.47
2014/6/9,2.47
2014/6/10,2.48
2014/6/11,2.5
2014/6/12,2.43
2014/6/13,2.45
2014/6/16,2.48
2014/6/17,2.49
2014/6/18,2.48
2014/6/19,2.48
2014/6/20,2.54
2014/6/23,2.53
2014/6/24,2.51
2014/6/25,2.53
2014/6/26,2.52
2014/6/27,2.51
2014/6/30,2.52
2014/7/1,2.52
2014/7/2,2.51
2014/7/3,2.53
2014/7/4,
2014/7/7,2.53
2014/7/8,2.55
2014/7/9,2.6
2014/7/10,2.56
2014/7/11,2.57
2014/7/14,2.55
2014/7/15,2.54
2014/7/16,2.51
2014/7/17,2.49
2014/7/18,2.52
2014/7/21,2.51
2014/7/22,2.53
2014/7/23,2.54
2014/7/24,2.61
2014/7/25,2.61
2014/7/28,2.61
2014/7/29,2.6
2014/7/30,2.6
2014/7/31,2.61
2014/8/1,2.62
2014/8/4,2.6
2014/8/5,2.58
2014/8/6,2.6
2014/8/7,2.59
2014/8/8,2.64
2014/8/11,2.64
2014/8/12,2.61
2014/8/13,2.58
2014/8/14,2.58
2014/8/15,2.53
2014/8/18,2.51
2014/8/19,2.53
2014/8/20,2.51
2014/8/21,2.54
2014/8/22,2.49
2014/8/25,2.52
2014/8/26,2.45
2014/8/27,2.48
2014/8/28,2.49
2014/8/29,2.48
2014/9/1,
2014/9/2,2.54
2014/9/3,2.57
2014/9/4,2.58
2014/9/5,2.53
2014/9/8,2.52
2014/9/9,2.51
2014/9/10,2.51
2014/9/11,2.48
2014/9/12,2.51
2014/9/15,2.53
2014/9/16,2.49
2014/9/17,2.49
2014/9/18,2.48
2014/9/19,2.5
2014/9/22,2.38
2014/9/23,2.41
2014/9/24,2.4
2014/9/25,2.42
2014/9/26,2.35
2014/9/29,2.29
2014/9/30,2.38
2014/10/1,2.32
2014/10/2,2.33
2014/10/3,2.3
2014/10/6,2.31
2014/10/7,2.32
2014/10/8,2.38
2014/10/9,2.42
2014/10/10,2.4
2014/10/13,
2014/10/14,2.43
2014/10/15,2.35
2014/10/16,2.41
2014/10/17,2.41
2014/10/20,2.37
2014/10/21,2.38
2014/10/22,2.35
2014/10/23,2.39
2014/10/24,2.34
2014/10/27,2.34
2014/10/28,2.35
2014/10/29,2.37
2014/10/30,2.31
2014/10/31,2.31
2014/11/3,2.31
2014/11/4,2.35
2014/11/5,2.32
2014/11/6,2.3
2014/11/7,2.29
2014/11/10,2.3
2014/11/11,
2014/11/12,2.29
2014/11/13,2.28
2014/11/14,2.33
2014/11/17,2.3
2014/11/18,2.26
2014/11/19,2.27
2014/11/20,2.29
2014/11/21,2.28
2014/11/24,2.29
2014/11/25,2.23
2014/11/26,2.2
2014/11/27,
2014/11/28,2.19
2014/12/1,2.19
2014/12/2,2.18
2014/12/3,2.2
2014/12/4,2.18
2014/12/5,2.15
2014/12/8,2.18
2014/12/9,2.12
2014/12/10,2.15
2014/12/11,2.13
2014/12/12,2.08
2014/12/15,2.07
2014/12/16,2.09
2014/12/17,2.08
2014/12/18,2.1
2014/12/19,2.09
2014/12/22,2.11
2014/12/23,2.1
2014/12/24,2.1
2014/12/25,
2014/12/26,2.08
2014/12/29,2.08
2014/12/30,2.07
2014/12/31,2.09
2015/1/1,
2015/1/2,2.12
2015/1/5,2.03
2015/1/6,1.96
2015/1/7,1.98
2015/1/8,2.03
2015/1/9,2.04
2015/1/12,1.98
2015/1/13,2.03
2015/1/14,1.96
2015/1/15,1.98
2015/1/16,2.01
2015/1/19,
2015/1/20,1.99
2015/1/21,2.05
2015/1/22,2.03
2015/1/23,1.99
2015/1/26,1.98
2015/1/27,2.03
2015/1/28,1.98
2015/1/29,1.93
2015/1/30,2.01
2015/2/2,1.98
2015/2/3,2
2015/2/4,2.07
2015/2/5,2.02
2015/2/6,2.06
2015/2/9,2.06
2015/2/10,2.08
2015/2/11,2.04
2015/2/12,1.95
2015/2/13,2.04
2015/2/16,
2015/2/17,2.09
2015/2/18,2.1
2015/2/19,2.13
2015/2/20,2.13
2015/2/23,2.1
2015/2/24,2.11
2015/2/25,2.08
2015/2/26,2.09
2015/2/27,2.17
2015/3/2,2.12
2015/3/3,2.15
2015/3/4,2.13
2015/3/5,2.15
2015/3/6,2.11
2015/3/9,2.05
2015/3/10,2.1
2015/3/11,1.99
2015/3/12,2.01
2015/3/13,1.98
2015/3/16,2.03
2015/3/17,1.94
2015/3/18,2.07
2015/3/19,2.09
2015/3/20,2.02
2015/3/23,2.02
2015/3/24,2.01
2015/3/25,2.06
2015/3/26,2.03
2015/3/27,1.98
2015/3/30,1.97
2015/3/31,2.01
2015/4/1,2.02
2015/4/2,2.06
2015/4/3,2.08
2015/4/6,2.1
2015/4/7,2.1
2015/4/8,2.1
2015/4/9,2.09
2015/4/10,2.08
2015/4/13,2.05
2015/4/14,2.05
2015/4/15,2.09
2015/4/16,2.12
2015/4/17,2.13
2015/4/20,2.18
2015/4/21,2.13
2015/4/22,2.14
2015/4/23,2.08
2015/4/24,2.07
2015/4/27,2.11
2015/4/28,2.09
2015/4/29,2.14
2015/4/30,2.16
2015/5/1,2.16
2015/5/4,2.15
2015/5/5,2.16
2015/5/6,2.13
2015/5/7,2.1
2015/5/8,2.1
2015/5/11,2.12
2015/5/12,2.11
2015/5/13,2.05
2015/5/14,2.09
2015/5/15,2.04
2015/5/18,2.08
2015/5/19,2.08
2015/5/20,2.11
2015/5/21,2.05
2015/5/22,2.09
2015/5/25,
2015/5/26,2.05
2015/5/27,2.06
2015/5/28,2.07
2015/5/29,2.03
2015/6/1,2.05
2015/6/2,2.07
2015/6/3,2.07
2015/6/4,2.03
2015/6/5,2.08
2015/6/8,2.07
2015/6/9,2.07
2015/6/10,2.08
2015/6/11,2.03
2015/6/12,2.04
2015/6/15,2.06
2015/6/16,2.09
2015/6/17,2.11
2015/6/18,2.11
2015/6/19,2.09
2015/6/22,2.15
2015/6/23,2.17
2015/6/24,2.16
2015/6/25,2.19
2015/6/26,2.18
2015/6/29,2.15
2015/6/30,2.13
2015/7/1,2.18
2015/7/2,2.2
2015/7/3,
2015/7/6,2.17
2015/7/7,2.17
2015/7/8,2.12
2015/7/9,2.14
2015/7/10,2.16
2015/7/13,2.16
2015/7/14,2.15
2015/7/15,2.15
2015/7/16,2.16
2015/7/17,2.16
2015/7/20,2.15
2015/7/21,2.15
2015/7/22,2.12
2015/7/23,2.13
2015/7/24,2.12
2015/7/27,2.11
2015/7/28,2.12
2015/7/29,2.14
2015/7/30,2.14
2015/7/31,2.12
2015/8/3,2.09
2015/8/4,2.11
2015/8/5,2.09
2015/8/6,2.03
2015/8/7,2.04
2015/8/10,2.08
2015/8/11,2.05
2015/8/12,1.97
2015/8/13,2
2015/8/14,1.99
2015/8/17,1.94
2015/8/18,1.95
2015/8/19,1.97
2015/8/20,1.95
2015/8/21,1.93
2015/8/24,1.87
2015/8/25,1.91
2015/8/26,1.93
2015/8/27,1.96
2015/8/28,2
2015/8/31,2
2015/9/1,1.96
2015/9/2,1.93
2015/9/3,1.92
2015/9/4,1.88
2015/9/7,
2015/9/8,1.91
2015/9/9,1.97
2015/9/10,1.97
2015/9/11,1.97
2015/9/14,1.93
2015/9/15,1.92
2015/9/16,1.93
2015/9/17,1.92
2015/9/18,1.91
2015/9/21,1.89
2015/9/22,1.87
2015/9/23,1.88
2015/9/24,1.87
2015/9/25,1.81
2015/9/28,1.76
2015/9/29,1.75
2015/9/30,1.75
2015/10/1,1.79
2015/10/2,1.81
2015/10/5,1.84
2015/10/6,1.82
2015/10/7,1.88
2015/10/8,1.9
2015/10/9,1.86
2015/10/12,
2015/10/13,1.86
2015/10/14,1.83
2015/10/15,1.82
2015/10/16,1.78
2015/10/19,1.77
2015/10/20,1.8
2015/10/21,1.77
2015/10/22,1.8
2015/10/23,1.83
2015/10/26,1.8
2015/10/27,1.81
2015/10/28,1.8
2015/10/29,1.85
2015/10/30,1.86
2015/11/2,1.87
2015/11/3,1.89
2015/11/4,1.88
2015/11/5,1.87
2015/11/6,1.93
2015/11/9,1.92
2015/11/10,1.85
2015/11/11,
2015/11/12,1.84
2015/11/13,1.83
2015/11/16,1.82
2015/11/17,1.83
2015/11/18,1.87
2015/11/19,1.85
2015/11/20,1.89
2015/11/23,1.89
2015/11/24,1.91
2015/11/25,1.91
2015/11/26,
2015/11/27,1.89
2015/11/30,1.88
2015/12/1,1.85
2015/12/2,1.85
2015/12/3,1.89
2015/12/4,1.9
2015/12/7,1.87
2015/12/8,1.87
2015/12/9,1.85
2015/12/10,1.82
2015/12/11,1.75
2015/12/14,1.73
2015/12/15,1.74
2015/12/16,1.72
2015/12/17,1.73
2015/12/18,1.71
2015/12/21,1.71
2015/12/22,1.73
2015/12/23,1.77
2015/12/24,1.81
2015/12/25,
2015/12/28,1.76
2015/12/29,1.78
2015/12/30,1.8
2015/12/31,1.77
2016/1/1,
2016/1/4,1.79
2016/1/5,1.81
2016/1/6,1.8
2016/1/7,1.75
2016/1/8,1.73
2016/1/11,1.71
2016/1/12,1.67
2016/1/13,1.68
2016/1/14,1.66
2016/1/15,1.6
2016/1/18,
2016/1/19,1.6
2016/1/20,1.54
2016/1/21,1.48
2016/1/22,1.55
2016/1/25,1.53
2016/1/26,1.55
2016/1/27,1.62
2016/1/28,1.64
2016/1/29,1.63
2016/2/1,1.6
2016/2/2,1.58
2016/2/3,1.6
2016/2/4,1.59
2016/2/5,1.59
2016/2/8,1.49
2016/2/9,1.49
2016/2/10,1.47
2016/2/11,1.42
2016/2/12,1.47
2016/2/15,
2016/2/16,1.47
2016/2/17,1.52
2016/2/18,1.46
2016/2/19,1.46
2016/2/22,1.51
2016/2/23,1.51
2016/2/24,1.57
2016/2/25,1.6
2016/2/26,1.62
2016/2/29,1.61
2016/3/1,1.67
2016/3/2,1.68
2016/3/3,1.7
2016/3/4,1.66
2016/3/7,1.6
2016/3/8,1.59
2016/3/9,1.65
2016/3/10,1.61
2016/3/11,1.67
2016/3/14,1.66
2016/3/15,1.65
2016/3/16,1.71
2016/3/17,1.68
2016/3/18,1.75
2016/3/21,1.78
2016/3/22,1.78
2016/3/23,1.72
2016/3/24,1.72
2016/3/25,
2016/3/28,1.72
2016/3/29,1.75
2016/3/30,1.78
2016/3/31,1.75
2016/4/1,1.75
2016/4/4,1.8
2016/4/5,1.75
2016/4/6,1.75
2016/4/7,1.75
2016/4/8,1.73
2016/4/11,1.71
2016/4/12,1.75
2016/4/13,1.69
2016/4/14,1.7
2016/4/15,1.7
2016/4/18,1.73
2016/4/19,1.74
2016/4/20,1.75
2016/4/21,1.72
2016/4/22,1.72
2016/4/25,1.74
2016/4/26,1.78
2016/4/27,1.79
2016/4/28,1.83
2016/4/29,1.82
2016/5/2,1.78
2016/5/3,1.74
2016/5/4,1.74
2016/5/5,1.74
2016/5/6,1.71
2016/5/9,1.68
2016/5/10,1.71
2016/5/11,1.65
2016/5/12,1.67
2016/5/13,1.64
2016/5/16,1.67
2016/5/17,1.66
2016/5/18,1.68
2016/5/19,1.61
2016/5/20,1.61
2016/5/23,1.59
2016/5/24,1.59
2016/5/25,1.65
2016/5/26,1.65
2016/5/27,1.65
2016/5/30,
2016/5/31,1.61
2016/6/1,1.61
2016/6/2,1.6
2016/6/3,1.59
2016/6/6,1.59
2016/6/7,1.63
2016/6/8,1.64
2016/6/9,1.59
2016/6/10,1.55
2016/6/13,1.49
2016/6/14,1.45
2016/6/15,1.47
2016/6/16,1.42
2016/6/17,1.41
2016/6/20,1.43
2016/6/21,1.45
2016/6/22,1.47
2016/6/23,1.53
2016/6/24,1.48
2016/6/27,1.41
2016/6/28,1.42
2016/6/29,1.44
2016/6/30,1.42
2016/7/1,1.43
2016/7/4,
2016/7/5,1.41
2016/7/6,1.45
2016/7/7,1.45
2016/7/8,1.47
2016/7/11,1.43
2016/7/12,1.46
2016/7/13,1.47
2016/7/14,1.46
2016/7/15,1.54
2016/7/18,1.57
2016/7/19,1.49
2016/7/20,1.52
2016/7/21,1.66
2016/7/22,1.66
2016/7/25,1.66
2016/7/26,1.67
2016/7/27,1.67
2016/7/28,1.71
2016/7/29,1.67
2016/8/1,1.65
2016/8/2,1.63
2016/8/3,1.64
2016/8/4,1.64
2016/8/5,1.67
2016/8/8,1.68
2016/8/9,1.68
2016/8/10,1.61
2016/8/11,1.62
2016/8/12,1.59
2016/8/15,1.6
2016/8/16,1.6
2016/8/17,1.63
2016/8/18,1.62
2016/8/19,1.62
2016/8/22,1.6
2016/8/23,1.62
2016/8/24,1.64
2016/8/25,1.65
2016/8/26,1.63
2016/8/29,1.63
2016/8/30,1.64
2016/8/31,1.67
2016/9/1,1.66
2016/9/2,1.66
2016/9/5,
2016/9/6,1.69
2016/9/7,1.72
2016/9/8,1.7
2016/9/9,1.68
2016/9/12,1.69
2016/9/13,1.67
2016/9/14,1.68
2016/9/15,1.67
2016/9/16,1.68
2016/9/19,1.65
2016/9/20,1.65
2016/9/21,1.65
2016/9/22,1.7
2016/9/23,1.72
2016/9/26,1.68
2016/9/27,1.66
2016/9/28,1.68
2016/9/29,1.64
2016/9/30,1.75
2016/10/3,1.79
2016/10/4,1.79
2016/10/5,1.76
2016/10/6,1.79
2016/10/7,1.76
2016/10/10,
2016/10/11,1.77
2016/10/12,1.77
2016/10/13,1.76
2016/10/14,1.81
2016/10/17,1.81
2016/10/18,1.78
2016/10/19,1.8
2016/10/20,1.8
2016/10/21,1.78
2016/10/24,1.79
2016/10/25,1.83
2016/10/26,1.84
2016/10/27,1.87
2016/10/28,1.86
2016/10/31,1.87
2016/11/1,1.85
2016/11/2,1.85
2016/11/3,1.84
2016/11/4,1.84
2016/11/7,1.86
2016/11/8,1.89
2016/11/9,1.97
2016/11/10,2.06
2016/11/11,
2016/11/14,2.01
2016/11/15,1.97
2016/11/16,2
2016/11/17,2.03
2016/11/18,2.06
2016/11/21,2.08
2016/11/22,2.05
2016/11/23,2.1
2016/11/24,
2016/11/25,2.04
2016/11/28,2.01
2016/11/29,2.03
2016/11/30,2.11
2016/12/1,2.13
2016/12/2,2.06
2016/12/5,2.09
2016/12/6,2.1
2016/12/7,2.06
2016/12/8,2.07
2016/12/9,2.09
2016/12/12,2.1
2016/12/13,2.04
2016/12/14,2.06
2016/12/15,2.02
2016/12/16,1.97
2016/12/19,1.98
2016/12/20,2
2016/12/21,2.08
2016/12/22,2.04
2016/12/23,2.1
2016/12/26,
2016/12/27,2.1
2016/12/28,2.05
2016/12/29,2.07
2016/12/30,2.06
2017/1/2,
2017/1/3,2.1
2017/1/4,2.12
2017/1/5,2.07
2017/1/6,2.08
2017/1/9,2.05
2017/1/10,2.06
2017/1/11,2.13
2017/1/12,2.09
2017/1/13,2.13
2017/1/16,
2017/1/17,2.1
2017/1/18,2.14
2017/1/19,2.18
2017/1/20,2.16
2017/1/23,2.18
2017/1/24,2.19
2017/1/25,2.2
2017/1/26,2.22
2017/1/27,2.2
2017/1/30,2.19
2017/1/31,2.16
2017/2/1,2.18
2017/2/2,2.17
2017/2/3,2.19
2017/2/6,2.13
2017/2/7,2.13
2017/2/8,2.1
2017/2/9,2.12
2017/2/10,2.15
2017/2/13,2.13
2017/2/14,2.15
2017/2/15,2.19
2017/2/16,2.14
2017/2/17,2.17
2017/2/20,
2017/2/21,2.19
2017/2/22,2.16
2017/2/23,2.16
2017/2/24,2.1
2017/2/27,2.16
2017/2/28,2.15
2017/3/1,2.22
2017/3/2,2.18
2017/3/3,2.16
2017/3/6,2.12
2017/3/7,2.14
2017/3/8,2.12
2017/3/9,2.11
2017/3/10,2.12
2017/3/13,2.16
2017/3/14,2.1
2017/3/15,2.18
2017/3/16,2.17
2017/3/17,2.13
2017/3/20,2.14
2017/3/21,2.16
2017/3/22,2.15
2017/3/23,2.15
2017/3/24,2.23
2017/3/27,2.19
2017/3/28,2.21
2017/3/29,2.16
2017/3/30,2.11
2017/3/31,2.17
2017/4/3,2.19
2017/4/4,2.15
2017/4/5,2.17
2017/4/6,2.19
2017/4/7,2.18
2017/4/10,2.17
2017/4/11,2.12
2017/4/12,2.11
2017/4/13,2.1
2017/4/14,
2017/4/17,2.07
2017/4/18,2.05
2017/4/19,2.04
2017/4/20,1.88
2017/4/21,1.89
2017/4/24,1.93
2017/4/25,1.97
2017/4/26,1.97
2017/4/27,2.01
2017/4/28,2.03
2017/5/1,2.04
2017/5/2,1.99
2017/5/3,1.98
2017/5/4,2
2017/5/5,1.97
2017/5/8,1.97
2017/5/9,1.98
2017/5/10,1.92
2017/5/11,1.94
2017/5/12,1.93
2017/5/15,1.9
2017/5/16,1.9
2017/5/17,1.86
2017/5/18,1.88
2017/5/19,1.89
2017/5/22,1.89
2017/5/23,1.89
2017/5/24,1.89
2017/5/25,1.9
2017/5/26,1.89
2017/5/29,
2017/5/30,1.89
2017/5/31,1.9
2017/6/1,1.89
2017/6/2,1.86
2017/6/5,1.86
2017/6/6,1.83
2017/6/7,1.87
2017/6/8,1.87
2017/6/9,1.88
2017/6/12,1.83
2017/6/13,1.83
2017/6/14,1.83
2017/6/15,1.78
2017/6/16,1.78
2017/6/19,1.78
2017/6/20,1.78
2017/6/21,1.78
2017/6/22,1.81
2017/6/23,1.81
2017/6/26,1.81
2017/6/27,1.8
2017/6/28,1.81
2017/6/29,1.82
2017/6/30,1.83
2017/7/3,1.84
2017/7/4,
2017/7/5,1.85
2017/7/6,1.86
2017/7/7,1.83
2017/7/10,1.84
2017/7/11,1.89
2017/7/12,1.89
2017/7/13,1.9
2017/7/14,1.9
2017/7/17,1.9
2017/7/18,1.9
2017/7/19,1.87
2017/7/20,1.92
2017/7/21,1.9
2017/7/24,1.94
2017/7/25,1.95
2017/7/26,1.94
2017/7/27,1.98
2017/7/28,1.98
2017/7/31,1.97
2017/8/1,1.96
2017/8/2,1.95
2017/8/3,1.94
2017/8/4,1.95
2017/8/7,1.95
2017/8/8,1.97
2017/8/9,1.94
2017/8/10,1.92
2017/8/11,1.94
2017/8/14,1.95
2017/8/15,1.93
2017/8/16,1.94
2017/8/17,1.93
2017/8/18,1.91
2017/8/21,1.91
2017/8/22,1.93
2017/8/23,1.92
2017/8/24,1.9
2017/8/25,1.93
2017/8/28,1.94
2017/8/29,1.94
2017/8/30,1.95
2017/8/31,1.94
2017/9/1,1.95
2017/9/4,
2017/9/5,1.96
2017/9/6,1.96
2017/9/7,1.97
2017/9/8,1.99
2017/9/11,2.03
2017/9/12,2.01
2017/9/13,2.02
2017/9/14,2
2017/9/15,1.98
2017/9/18,2
2017/9/19,2
2017/9/20,1.99
2017/9/21,1.96
2017/9/22,1.97
2017/9/25,1.96
2017/9/26,1.96
2017/9/27,2
2017/9/28,2.01
2017/9/29,2
2017/10/2,1.93
2017/10/3,2
2017/10/4,1.97
2017/10/5,1.98
2017/10/6,1.96
2017/10/9,
2017/10/10,2.01
2017/10/11,2.03
2017/10/12,1.99
2017/10/13,1.99
2017/10/16,2.02
2017/10/17,1.95
2017/10/18,1.99
2017/10/19,2.02
2017/10/20,1.98
2017/10/23,2.03
2017/10/24,2.01
2017/10/25,2.02
2017/10/26,2.02
2017/10/27,2
2017/10/30,1.97
2017/10/31,1.97
2017/11/1,2.05
2017/11/2,1.95
2017/11/3,1.98
2017/11/6,1.95
2017/11/7,1.96
2017/11/8,1.97
2017/11/9,1.94
2017/11/10,1.98
2017/11/13,1.97
2017/11/14,1.95
2017/11/15,1.92
2017/11/16,1.89
2017/11/17,1.97
2017/11/20,1.96
2017/11/21,1.93
2017/11/22,1.93
2017/11/23,
2017/11/24,1.97
2017/11/27,1.97
2017/11/28,1.99
2017/11/29,1.99
2017/11/30,1.99
2017/12/1,2
2017/12/4,1.98
2017/12/5,2.03
2017/12/6,1.98
2017/12/7,2
2017/12/8,2.05
2017/12/11,2
2017/12/12,2
2017/12/13,2.02
2017/12/14,1.98
2017/12/15,1.99
2017/12/18,2.07
2017/12/19,2.08
2017/12/20,2.1
2017/12/21,2.02
2017/12/22,2.06
2017/12/25,
2017/12/26,2.12
2017/12/27,2.06
2017/12/28,2.06
2017/12/29,2.06
2018/1/1,
2018/1/2,2.1
2018/1/3,2.09
2018/1/4,2.1
2018/1/5,2.07
2018/1/8,2.13
2018/1/9,2.11
2018/1/10,2.12
2018/1/11,2.11
2018/1/12,2.1
2018/1/15,
2018/1/16,2.12
2018/1/17,2.18
2018/1/18,2.11
2018/1/19,2.12
2018/1/22,2.12
2018/1/23,2.2
2018/1/24,2.18
2018/1/25,2.23
2018/1/26,2.25
2018/1/29,2.26
2018/1/30,2.23
2018/1/31,2.24
2018/2/1,2.29
2018/2/2,2.35
2018/2/5,2.25
2018/2/6,2.32
2018/2/7,2.3
2018/2/8,2.29
2018/2/9,2.27
2018/2/12,2.3
2018/2/13,2.22
2018/2/14,2.27
2018/2/15,2.22
2018/2/16,2.18
2018/2/19,
2018/2/20,2.16
2018/2/21,2.18
2018/2/22,2.16
2018/2/23,2.2
2018/2/26,2.19
2018/2/27,2.17
2018/2/28,2.2
2018/3/1,2.17
2018/3/2,2.21
2018/3/5,2.21
2018/3/6,2.14
2018/3/7,2.16
2018/3/8,2.14
2018/3/9,2.28
2018/3/12,2.18
2018/3/13,2.13
2018/3/14,2.1
2018/3/15,2.09
2018/3/16,2.11
2018/3/19,2.12
2018/3/20,2.11
2018/3/21,2.22
2018/3/22,2.13
2018/3/23,2.13
2018/3/26,2.15
2018/3/27,2.2
2018/3/28,2.19
2018/3/29,2.18
2018/3/30,
2018/4/2,2.11
2018/4/3,2.17
2018/4/4,2.12
2018/4/5,2.23
2018/4/6,2.13
2018/4/9,2.12
2018/4/10,2.16
2018/4/11,2.16
2018/4/12,2.21
2018/4/13,2.25
2018/4/16,2.16
2018/4/17,2.27
2018/4/18,2.28
2018/4/19,2.22
2018/4/20,2.24
2018/4/23,2.25
2018/4/24,2.24
2018/4/25,2.25
2018/4/26,2.26
2018/4/27,2.25
2018/4/30,2.24
2018/5/1,2.23
2018/5/2,2.25
2018/5/3,2.23
2018/5/4,2.23
2018/5/7,2.23
2018/5/8,2.22
2018/5/9,2.23
2018/5/10,2.22
2018/5/11,2.17
2018/5/14,2.18
2018/5/15,2.21
2018/5/16,2.18
2018/5/17,2.16
2018/5/18,2.16
2018/5/21,2.17
2018/5/22,2.17
2018/5/23,2.16
2018/5/24,2.13
2018/5/25,2.14
2018/5/28,
2018/5/29,2.1
2018/5/30,2.12
2018/5/31,2.11
2018/6/1,2.12
2018/6/4,2.18
2018/6/5,2.21
2018/6/6,2.22
2018/6/7,2.18
2018/6/8,2.16
2018/6/11,2.18
2018/6/12,2.19
2018/6/13,2.15
2018/6/14,2.17
2018/6/15,2.16
2018/6/18,2.16
2018/6/19,2.17
2018/6/20,2.18
2018/6/21,2.17
2018/6/22,2.17
2018/6/25,2.14
2018/6/26,2.17
2018/6/27,2.15
2018/6/28,2.13
2018/6/29,2.16
2018/7/2,2.21
2018/7/3,2.16
2018/7/4,
2018/7/5,2.16
2018/7/6,2.16
2018/7/9,2.16
2018/7/10,2.17
2018/7/11,2.15
2018/7/12,2.14
2018/7/13,2.15
2018/7/16,2.15
2018/7/17,2.15
2018/7/18,2.15
2018/7/19,2.17
2018/7/20,2.2
2018/7/23,2.21
2018/7/24,2.22
2018/7/25,2.25
2018/7/26,2.22
2018/7/27,2.24
2018/7/30,2.25
2018/7/31,2.24
2018/8/1,2.26
2018/8/2,2.25
2018/8/3,2.24
2018/8/6,2.24
2018/8/7,2.26
2018/8/8,2.24
2018/8/9,2.25
2018/8/10,2.2
2018/8/13,2.21
2018/8/14,2.19
2018/8/15,2.19
2018/8/16,2.19
2018/8/17,2.2
2018/8/20,2.19
2018/8/21,2.19
2018/8/22,2.2
2018/8/23,2.19
2018/8/24,2.19
2018/8/27,2.22
2018/8/28,2.23
2018/8/29,2.24
2018/8/30,2.21
2018/8/31,2.18
2018/9/3,
2018/9/4,2.21
2018/9/5,2.2
2018/9/6,2.19
2018/9/7,2.22
2018/9/10,2.22
2018/9/11,2.23
2018/9/12,2.22
2018/9/13,2.22
2018/9/14,2.2
2018/9/17,2.21
2018/9/18,2.25
2018/9/19,2.28
2018/9/20,2.28
2018/9/21,2.28
2018/9/24,2.29
2018/9/25,2.27
2018/9/26,2.24
2018/9/27,2.26
2018/9/28,2.25
2018/10/1,2.24
2018/10/2,2.21
2018/10/3,2.25
2018/10/4,2.26
2018/10/5,2.27
2018/10/8,
2018/10/9,2.29
2018/10/10,2.28
2018/10/11,2.25
2018/10/12,2.25
2018/10/15,2.26
2018/10/16,2.25
2018/10/17,2.26
2018/10/18,2.21
2018/10/19,2.24
2018/10/22,2.24
2018/10/23,2.24
2018/10/24,2.21
2018/10/25,2.19
2018/10/26,2.19
2018/10/29,2.2
2018/10/30,2.19
2018/10/31,2.2
2018/11/1,2.16
2018/11/2,2.21
2018/11/5,2.21
2018/11/6,2.22
2018/11/7,2.21
2018/11/8,2.22
2018/11/9,2.18
2018/11/12,
2018/11/13,2.16
2018/11/14,2.15
2018/11/15,2.15
2018/11/16,2.16
2018/11/19,2.13
2018/11/20,2.12
2018/11/21,2.13
2018/11/22,
2018/11/23,2.15
2018/11/26,2.14
2018/11/27,2.09
2018/11/28,2.14
2018/11/29,2.17
2018/11/30,2.17
2018/12/3,2.16
2018/12/4,2.14
2018/12/5,
2018/12/6,2.11
2018/12/7,2.1
2018/12/10,2.07
2018/12/11,2.04
2018/12/12,2.04
2018/12/13,2.04
2018/12/14,2.04
2018/12/17,2.04
2018/12/18,2.04
2018/12/19,2.04
2018/12/20,1.99
2018/12/21,1.99
2018/12/24,1.98
2018/12/25,
2018/12/26,1.97
2018/12/27,1.95
2018/12/28,1.94
2018/12/31,1.91
2019/1/1,
2019/1/2,1.91
2019/1/3,1.87
2019/1/4,1.94
2019/1/7,1.95
2019/1/8,1.98
2019/1/9,1.98
2019/1/10,1.97
2019/1/11,2
2019/1/14,1.98
2019/1/15,1.99
2019/1/16,2
2019/1/17,1.94
2019/1/18,1.99
2019/1/21,
2019/1/22,1.95
2019/1/23,1.96
2019/1/24,1.92
2019/1/25,1.94
2019/1/28,1.94
2019/1/29,1.94
2019/1/30,2
2019/1/31,2
2019/2/1,2.04
2019/2/4,2.02
2019/2/5,2.02
2019/2/6,2.01
2019/2/7,1.99
2019/2/8,1.95
2019/2/11,1.95
2019/2/12,1.95
2019/2/13,1.96
2019/2/14,1.96
2019/2/15,1.97
2019/2/18,
2019/2/19,1.98
2019/2/20,1.99
2019/2/21,2.02
2019/2/22,2
2019/2/25,2.02
2019/2/26,2.02
2019/2/27,2.02
2019/2/28,2.06
2019/3/1,2.07
2019/3/4,2.04
2019/3/5,2.03
2019/3/6,2.01
2019/3/7,2
2019/3/8,2
2019/3/11,2
2019/3/12,1.99
2019/3/13,2
2019/3/14,2.03
2019/3/15,2.02
2019/3/18,2.04
2019/3/19,2.05
2019/3/20,2.04
2019/3/21,2.06
2019/3/22,2
2019/3/25,1.99
2019/3/26,1.97
2019/3/27,1.94
2019/3/28,1.94
2019/3/29,1.98
2019/4/1,1.98
2019/4/2,1.99
2019/4/3,2.01
2019/4/4,1.99
2019/4/5,2.01
2019/4/8,2.01
2019/4/9,2.02
2019/4/10,2.05
2019/4/11,2.06
2019/4/12,2.04
2019/4/15,2.03
2019/4/16,2.06
2019/4/17,2.04
2019/4/18,2.04
2019/4/19,
2019/4/22,2.03
2019/4/23,2.03
2019/4/24,2.05
2019/4/25,2.1
2019/4/26,2.08
2019/4/29,2.06
2019/4/30,2.05
2019/5/1,2.03
2019/5/2,2
2019/5/3,2.02
2019/5/6,2.01
2019/5/7,1.98
2019/5/8,1.99
2019/5/9,1.97
2019/5/10,2.01
2019/5/13,1.97
2019/5/14,1.97
2019/5/15,1.92
2019/5/16,1.93
2019/5/17,1.91
2019/5/20,1.91
2019/5/21,1.94
2019/5/22,1.9
2019/5/23,1.84
2019/5/24,1.9
2019/5/27,
2019/5/28,1.88
2019/5/29,1.91
2019/5/30,1.89
2019/5/31,1.9
2019/6/3,1.9
2019/6/4,1.89
2019/6/5,1.91
2019/6/6,1.88
2019/6/7,1.87
2019/6/10,1.86
2019/6/11,1.87
2019/6/12,1.89
2019/6/13,1.85
2019/6/14,1.78
2019/6/17,1.77
2019/6/18,1.79
2019/6/19,1.81
2019/6/20,1.9
2019/6/21,1.86
2019/6/24,1.85
2019/6/25,1.82
2019/6/26,1.84
2019/6/27,1.83
2019/6/28,1.85
2019/7/1,1.85
2019/7/2,1.8
2019/7/3,1.79
2019/7/4,
2019/7/5,1.83
2019/7/8,1.85
2019/7/9,1.86
2019/7/10,1.89
2019/7/11,1.91
2019/7/12,1.92
2019/7/15,1.93
2019/7/16,1.97
2019/7/17,1.9
2019/7/18,1.98
2019/7/19,2
2019/7/22,1.99
2019/7/23,2.01
2019/7/24,1.99
2019/7/25,2
2019/7/26,1.99
2019/7/29,1.97
2019/7/30,1.98
2019/7/31,1.96
2019/8/1,1.93
2019/8/2,1.87
2019/8/5,1.81
2019/8/6,1.84
2019/8/7,1.86
2019/8/8,1.87
2019/8/9,1.88
2019/8/12,1.83
2019/8/13,1.82
2019/8/14,1.78
2019/8/15,1.74
2019/8/16,1.74
2019/8/19,1.76
2019/8/20,1.72
2019/8/21,1.74
2019/8/22,1.75
2019/8/23,1.73
2019/8/26,1.74
2019/8/27,1.74
2019/8/28,1.74
2019/8/29,1.79
2019/8/30,1.75
2019/9/2,
2019/9/3,1.71
2019/9/4,1.71
2019/9/5,1.77
2019/9/6,1.73
2019/9/9,1.76
2019/9/10,1.8
2019/9/11,1.8
2019/9/12,1.83
2019/9/13,1.88
2019/9/16,1.86
2019/9/17,1.86
2019/9/18,1.78
2019/9/19,1.81
2019/9/20,1.8
2019/9/23,1.8
2019/9/24,1.77
2019/9/25,1.79
2019/9/26,1.74
2019/9/27,1.7
2019/9/30,1.71
2019/10/1,1.71
2019/10/2,1.71
2019/10/3,1.71
2019/10/4,1.73
2019/10/7,1.75
2019/10/8,1.71
2019/10/9,1.74
2019/10/10,1.75
2019/10/11,1.78
2019/10/14,
2019/10/15,1.79
2019/10/16,1.79
2019/10/17,1.66
2019/10/18,1.68
2019/10/21,1.69
2019/10/22,1.69
2019/10/23,1.7
2019/10/24,1.72
2019/10/25,1.75
2019/10/28,1.75
2019/10/29,1.71
2019/10/30,1.67
2019/10/31,1.64
2019/11/1,1.68
2019/11/4,1.72
2019/11/5,1.78
2019/11/6,1.75
2019/11/7,1.77
2019/11/8,1.79
2019/11/11,
2019/11/12,1.8
2019/11/13,1.74
2019/11/14,1.7
2019/11/15,1.74
2019/11/18,1.72
2019/11/19,1.73
2019/11/20,1.69
2019/11/21,1.73
2019/11/22,1.71
2019/11/25,1.71
2019/11/26,1.72
2019/11/27,1.72
2019/11/28,
2019/11/29,1.72
2019/12/2,1.76
2019/12/3,1.75
2019/12/4,1.78
2019/12/5,1.79
2019/12/6,1.79
2019/12/9,1.79
2019/12/10,1.83
2019/12/11,1.78
2019/12/12,1.82
2019/12/13,1.78
2019/12/16,1.82
2019/12/17,1.85
2019/12/18,1.84
2019/12/19,1.86
2019/12/20,1.87
2019/12/23,1.83
2019/12/24,1.83
2019/12/25,
2019/12/26,1.82
2019/12/27,1.82
2019/12/30,1.84
2019/12/31,1.86
2020/1/1,
2020/1/2,1.88
2020/1/3,1.85
2020/1/6,1.81
2020/1/7,1.81
2020/1/8,1.82
2020/1/9,1.81
2020/1/10,1.85
2020/1/13,1.84
2020/1/14,1.84
2020/1/15,1.83
2020/1/16,1.8
2020/1/17,1.82
2020/1/20,
2020/1/21,1.82
2020/1/22,1.8
2020/1/23,1.76
2020/1/24,1.74
2020/1/27,1.7
2020/1/28,1.71
2020/1/29,1.7
2020/1/30,1.69
2020/1/31,1.7
2020/2/3,1.7
2020/2/4,1.7
2020/2/5,1.71
2020/2/6,1.73
2020/2/7,1.71
2020/2/10,1.7
2020/2/11,1.7
2020/2/12,1.68
2020/2/13,1.69
2020/2/14,1.68
2020/2/17,
2020/2/18,1.66
2020/2/19,1.65
2020/2/20,1.63
2020/2/21,1.62
2020/2/24,1.61
2020/2/25,1.54
2020/2/26,1.58
2020/2/27,1.58
2020/2/28,1.49
2020/3/2,1.5
2020/3/3,1.56
2020/3/4,1.58
2020/3/5,1.52
2020/3/6,1.48
2020/3/9,1.18
2020/3/10,1.23
2020/3/11,1.23
2020/3/12,1.21
2020/3/13,1.27
2020/3/16,1.16
2020/3/17,1.1
2020/3/18,1.1
2020/3/19,0.86
2020/3/20,1.19
2020/3/23,1.23
2020/3/24,1.39
2020/3/25,1.45
2020/3/26,1.42
2020/3/27,1.34
2020/3/30,1.33
2020/3/31,1.25
2020/4/1,1.26
2020/4/2,1.33
2020/4/3,1.38
2020/4/6,1.43
2020/4/7,1.48
2020/4/8,1.51
2020/4/9,1.56
2020/4/10,
2020/4/13,1.58
2020/4/14,1.64
2020/4/15,1.51
2020/4/16,1.36
2020/4/17,1.35
2020/4/20,1.32
2020/4/21,1.34
2020/4/22,1.43
2020/4/23,1.43
2020/4/24,1.5
2020/4/27,1.56
2020/4/28,1.52
2020/4/29,1.5
2020/4/30,1.42
2020/5/1,1.44
2020/5/4,1.45
2020/5/5,1.49
2020/5/6,1.49
2020/5/7,1.46
2020/5/8,1.5
2020/5/11,1.51
2020/5/12,1.46
2020/5/13,1.43
2020/5/14,1.41
2020/5/15,1.43
2020/5/18,1.5
2020/5/19,1.48
2020/5/20,1.49
2020/5/21,1.47
2020/5/22,1.44
2020/5/25,
2020/5/26,1.44
2020/5/27,1.46
2020/5/28,1.5
2020/5/29,1.47
2020/6/1,1.52
2020/6/2,1.52
2020/6/3,1.54
2020/6/4,1.56
2020/6/5,1.59
2020/6/8,1.58
2020/6/9,1.54
2020/6/10,1.54
2020/6/11,1.47
2020/6/12,1.47
2020/6/15,1.48
2020/6/16,1.52
2020/6/17,1.51
2020/6/18,1.44
2020/6/19,1.54
2020/6/22,1.57
2020/6/23,1.62
2020/6/24,1.56
2020/6/25,1.55
2020/6/26,1.53
2020/6/29,1.54
2020/6/30,1.52
2020/7/1,1.57
2020/7/2,1.61
2020/7/3,
2020/7/6,1.62
2020/7/7,1.6
2020/7/8,1.59
2020/7/9,1.56
2020/7/10,1.57
2020/7/13,1.57
2020/7/14,1.55
2020/7/15,1.54
2020/7/16,1.52
2020/7/17,1.57
2020/7/20,1.55
2020/7/21,1.56
2020/7/22,1.56
2020/7/23,1.61
2020/7/24,1.67
2020/7/27,1.66
2020/7/28,1.66
2020/7/29,1.68
2020/7/30,1.67
2020/7/31,1.7
2020/8/3,1.7
2020/8/4,1.69
2020/8/5,1.7
2020/8/6,1.73
2020/8/7,1.72
2020/8/10,1.73
2020/8/11,1.76
2020/8/12,1.78
2020/8/13,1.78
2020/8/14,1.77
2020/8/17,1.78
2020/8/18,1.81
2020/8/19,1.79
2020/8/20,1.76
2020/8/21,1.76
2020/8/24,1.77
2020/8/25,1.8
2020/8/26,1.81
2020/8/27,1.81
2020/8/28,1.86
2020/8/31,1.91
2020/9/1,1.87
2020/9/2,1.85
2020/9/3,1.77
2020/9/4,1.83
2020/9/7,
2020/9/8,1.81
2020/9/9,1.85
2020/9/10,1.84
2020/9/11,1.77
2020/9/14,1.76
2020/9/15,1.8
2020/9/16,1.79
2020/9/17,1.75
2020/9/18,1.76
2020/9/21,1.74
2020/9/22,1.74
2020/9/23,1.72
2020/9/24,1.71
2020/9/25,1.73
2020/9/28,1.74
2020/9/29,1.79
2020/9/30,1.76
2020/10/1,1.78
2020/10/2,1.8
2020/10/5,1.84
2020/10/6,1.81
2020/10/7,1.88
2020/10/8,1.88
2020/10/9,1.9
2020/10/12,
2020/10/13,1.88
2020/10/14,1.86
2020/10/15,1.86
2020/10/16,1.89
2020/10/19,1.89
2020/10/20,1.91
2020/10/21,1.92
2020/10/22,1.84
2020/10/23,1.84
2020/10/26,1.81
2020/10/27,1.78
2020/10/28,1.79
2020/10/29,1.81
2020/10/30,1.81
2020/11/2,1.82
2020/11/3,1.82
2020/11/4,1.72
2020/11/5,1.77
2020/11/6,1.76
2020/11/9,1.83
2020/11/10,1.83
2020/11/11,
2020/11/12,1.79
2020/11/13,1.8
2020/11/16,1.8
2020/11/17,1.77
2020/11/18,1.77
2020/11/19,1.78
2020/11/20,1.77
2020/11/23,1.8
2020/11/24,1.83
2020/11/25,1.83
2020/11/26,
2020/11/27,1.83
2020/11/30,1.86
2020/12/1,1.9
2020/12/2,1.94
2020/12/3,1.94
2020/12/4,1.95
2020/12/7,1.92
2020/12/8,1.94
2020/12/9,1.98
2020/12/10,1.93
2020/12/11,1.92
2020/12/14,1.92
2020/12/15,1.96
2020/12/16,1.94
2020/12/17,1.98
2020/12/18,1.98
2020/12/21,2
2020/12/22,1.96
2020/12/23,2.01
2020/12/24,2.02
2020/12/25,
2020/12/28,2.02
2020/12/29,2.02
2020/12/30,2
2020/12/31,2.03
2021/1/1,
2021/1/4,2.04
2021/1/5,2.05
2021/1/6,2.08
2021/1/7,2.09
2021/1/8,2.05
2021/1/11,2.08
2021/1/12,2.1
2021/1/13,2.08
2021/1/14,2.09
2021/1/15,2.11
2021/1/18,
2021/1/19,2.08
2021/1/20,2.09
2021/1/21,2.02
2021/1/22,2.02
2021/1/25,2.01
2021/1/26,2.01
2021/1/27,2.01
2021/1/28,2.08
2021/1/29,2.05
2021/2/1,2.04
2021/2/2,2.07
2021/2/3,2.11
2021/2/4,2.09
2021/2/5,2.14
2021/2/8,2.13
2021/2/9,2.13
2021/2/10,2.11
2021/2/11,2.08
2021/2/12,2.07
2021/2/15,
2021/2/16,2.11
2021/2/17,2.07
2021/2/18,2.03
2021/2/19,1.99
2021/2/22,1.97
2021/2/23,1.97
2021/2/24,1.96
2021/2/25,1.94
2021/2/26,1.91
2021/3/1,1.92
2021/3/2,1.97
2021/3/3,1.97
2021/3/4,1.97
2021/3/5,2.01
2021/3/8,2
2021/3/9,2.01
2021/3/10,2.05
2021/3/11,2.05
2021/3/12,2.01
2021/3/15,2
2021/3/16,2.01
2021/3/17,2.02
2021/3/18,2.04
2021/3/19,2.11
2021/3/22,2.15
2021/3/23,2.1
2021/3/24,2.09
2021/3/25,2.1
2021/3/26,2.11
2021/3/29,2.16
2021/3/30,2.18
2021/3/31,2.2
2021/4/1,2.15
2021/4/2,2.14
2021/4/5,2.15
2021/4/6,2.12
2021/4/7,2.15
2021/4/8,2.11
2021/4/9,2.11
2021/4/12,2.14
2021/4/13,2.12
2021/4/14,2.1
2021/4/15,2.11
2021/4/16,2.15
2021/4/19,2.12
2021/4/20,2.12
2021/4/21,2.13
2021/4/22,2.24
2021/4/23,2.24
2021/4/26,2.25
2021/4/27,2.27
2021/4/28,2.28
2021/4/29,2.28
2021/4/30,2.25
2021/5/3,2.24
2021/5/4,2.22
2021/5/5,2.26
2021/5/6,2.24
2021/5/7,2.33
2021/5/10,2.37
2021/5/11,2.38
2021/5/12,2.36
2021/5/13,2.37
2021/5/14,2.34
2021/5/17,2.36
2021/5/18,2.32
2021/5/19,2.3
2021/5/20,2.23
2021/5/21,2.24
2021/5/24,2.24
2021/5/25,2.21
2021/5/26,2.2
2021/5/27,2.25
2021/5/28,2.27
2021/5/31,
2021/6/1,2.32
2021/6/2,2.29
2021/6/3,2.28
2021/6/4,2.26
2021/6/7,2.27
2021/6/8,2.25
2021/6/9,2.23
2021/6/10,2.23
2021/6/11,2.21
2021/6/14,2.28
2021/6/15,2.3
2021/6/16,2.23
2021/6/17,2.23
2021/6/18,2.11
2021/6/21,2.09
2021/6/22,2.16
2021/6/23,2.19
2021/6/24,2.15
2021/6/25,2.22
2021/6/28,2.21
2021/6/29,2.18
2021/6/30,2.17
2021/7/1,2.21
2021/7/2,2.17
2021/7/5,
2021/7/6,2.14
2021/7/7,2.13
2021/7/8,2.06
2021/7/9,2.12
2021/7/12,2.18
2021/7/13,2.16
2021/7/14,2.15
2021/7/15,2.11
2021/7/16,2.14
2021/7/19,2.07
2021/7/20,2.12
2021/7/21,2.11
2021/7/22,2.1
2021/7/23,2.17
2021/7/26,2.21
2021/7/27,2.21
2021/7/28,2.25
2021/7/29,2.28
2021/7/30,2.24
2021/8/2,2.23
2021/8/3,2.25
2021/8/4,2.2
2021/8/5,2.2
2021/8/6,2.24
2021/8/9,2.24
2021/8/10,2.27
2021/8/11,2.29
2021/8/12,2.27
2021/8/13,2.22
2021/8/16,2.22
2021/8/17,2.17
2021/8/18,2.16
2021/8/19,2.11
2021/8/20,2.14
2021/8/23,2.11
2021/8/24,2.15
2021/8/25,2.19
2021/8/26,2.16
2021/8/27,2.25
2021/8/30,2.23
2021/8/31,2.18
2021/9/1,2.2
2021/9/2,2.17
2021/9/3,2.2
2021/9/6,
2021/9/7,2.21
2021/9/8,2.23
2021/9/9,2.21
2021/9/10,2.25
2021/9/13,2.21
2021/9/14,2.17
2021/9/15,2.19
2021/9/16,2.17
2021/9/17,2.15
2021/9/20,2.15
2021/9/21,2.14
2021/9/22,2.15
2021/9/23,2.14
2021/9/24,2.21
2021/9/27,2.2
2021/9/28,2.23
2021/9/29,2.22
2021/9/30,2.23
2021/10/1,2.25
2021/10/4,2.23
2021/10/5,2.31
2021/10/6,2.29
2021/10/7,2.31
2021/10/8,2.36
2021/10/11,
2021/10/12,2.34
2021/10/13,2.36
2021/10/14,2.35
2021/10/15,2.41
2021/10/18,2.37
2021/10/19,2.37
2021/10/20,2.37
2021/10/21,2.34
2021/10/22,2.37
2021/10/25,2.37
2021/10/26,2.39
2021/10/27,2.34
2021/10/28,2.24
2021/10/29,2.13
2021/11/1,2.14
2021/11/2,2.18
2021/11/3,2.2
2021/11/4,2.24
2021/11/5,2.21
2021/11/8,2.3
2021/11/9,2.3
2021/11/10,2.32
2021/11/11,
2021/11/12,2.35
2021/11/15,2.35
2021/11/16,2.29
2021/11/17,2.26
2021/11/18,2.35
2021/11/19,2.28
2021/11/22,2.24
2021/11/23,2.24
2021/11/24,2.19
2021/11/25,
2021/11/26,2.18
2021/11/29,2.17
2021/11/30,2.2
2021/12/1,2.18
2021/12/2,2.21
2021/12/3,2.14
2021/12/6,2.09
2021/12/7,2.1
2021/12/8,2.16
2021/12/9,2.14
2021/12/10,2.12
2021/12/13,2.07
2021/12/14,2.08
2021/12/15,2.11
2021/12/16,2.14
2021/12/17,2.11
2021/12/20,2.13
2021/12/21,2.19
2021/12/22,2.24
2021/12/23,2.22
2021/12/24,
2021/12/27,2.25
2021/12/28,2.22
2021/12/29,2.23
2021/12/30,2.3
2021/12/31,2.25
2022/1/3,2.25
2022/1/4,2.21
2022/1/5,2.19
2022/1/6,2.15
2022/1/7,2.18
2022/1/10,2.19
2022/1/11,2.21
2022/1/12,2.14
2022/1/13,2.09
2022/1/14,2.09
2022/1/17,
2022/1/18,2.12
2022/1/19,2.07
2022/1/20,1.92
2022/1/21,1.98
2022/1/24,2.02
2022/1/25,2.04
2022/1/26,2.01
2022/1/27,2.04
2022/1/28,2.08
2022/1/31,2.06
2022/2/1,2.06
2022/2/2,2.03
2022/2/3,2
2022/2/4,2.04
2022/2/7,2.05
2022/2/8,2.07
2022/2/9,2.06
2022/2/10,2.09
2022/2/11,2.04
2022/2/14,2.05
2022/2/15,2.07
2022/2/16,2.05
2022/2/17,1.99
2022/2/18,1.96
2022/2/21,
2022/2/22,2.01
2022/2/23,2.05
2022/2/24,2.05
2022/2/25,2.06
2022/2/28,2.13
2022/3/1,2.1
2022/3/2,2.19
2022/3/3,2.21
2022/3/4,2.15
2022/3/7,2.25
2022/3/8,2.37
2022/3/9,2.35
2022/3/10,2.3
2022/3/11,2.36
2022/3/14,2.36
2022/3/15,2.26
2022/3/16,2.26
2022/3/17,2.31
2022/3/18,2.24
2022/3/21,2.28
2022/3/22,2.3
2022/3/23,2.31
2022/3/24,2.27
2022/3/25,2.31
2022/3/28,2.34
2022/3/29,2.32
2022/3/30,2.31
2022/3/31,2.34
2022/4/1,2.32
2022/4/4,2.32
2022/4/5,2.37
2022/4/6,2.38
2022/4/7,2.38
2022/4/8,2.41
2022/4/11,2.45
2022/4/12,2.41
2022/4/13,2.35
2022/4/14,2.45
2022/4/15,
2022/4/18,2.48
2022/4/19,2.5
